1,2,3,4,5,6,7,8,9,10,11,12,13,14,15,16,17,18,19,20,21,22,23,24,25,26,27,28,29,30,31,32,33,34,35,36,37,38,39,40,41,42,43,44,45,46,47,48,49,50
alami,delay,flight,pilih,jadwal,harga,jangkau,pemberitahuan,ubah,via,sms,berangkat,,bantu,minus,booking,seat,baris,landing,process,smooth,ruang,kaki,sempit,,,,,,,,,,,,,,,,,,,,,,,,,,
bayar,gambar,harap,milik,layan,penuh,terbang,mulus,terbang,tempat,kursi,belah,pintu,darurat,untung,tidak,ganti,terbang,periksa,latar,biar,duduk,belah,pintu,darurat,,,,,,,,,,,,,,,,,,,,,,,,,
terbang,murah,layak,mudah,check,in,lanjut,situs,web,aplikasi,online,tiket,cetak,tunjuk,tiket,online,tugas,imigrasi,lepas,landas,terbang,darat,pramugari,sopan,kue,mini,minum,nyaman,lupa,terbang,ekonomi,kursi,nyaman,,,,,,,,,,,,,,,,,
hibur,atas,tonton,film,terbang,makan,nasi,snack,terbang,delay,,,,,,,,,,,,,,,,,,,,,,,,,,,,,,,,,,,,,,,,
ekonomi,tv,colok,headset,nonton,video,dengar,lagu,keren,pokok,seneng,banget,nonton,kartun,suka,,,,,,,,,,,,,,,,,,,,,,,,,,,,,,,,,,,
ngerti,butuh,tumpang,delay,delay,pilot,handal,lewat,awan,tebal,,,,,,,,,,,,,,,,,,,,,,,,,,,,,,,,,,,,,,,,
alahamdulillah,sejak,terbang,lansung,terbang,transit,terbang,operator,nyaman,leluasa,kaki,tahan,regang,kaki,maksimal,transit,flight,mampir,airport,alhamdulillah,delay,dapat,mineral,apron,bandara,husein,bandung,batas,delay,charge,lumayan,,,,,,,,,,,,,,,,,,,
alhamdulillah,rejekinya,pake,delay,pas,banget,berangkat,udah,suruh,kiroin,delay,gilak,,,,,,,,,,,,,,,,,,,,,,,,,,,,,,,,,,,,,,
amazing,sekian,pakai,layan,wow,boarding,tuju,cepat,tumben,antri,take,off,cengkareng,baik,counter,check,in,sungguh,atur,antri,tugas,tumpang,antri,,,,,,,,,,,,,,,,,,,,,,,,,,,
terbang,delay,normal,bandara,surabaya,milik,alam,terbang,harap,biaya,rendah,,,,,,,,,,,,,,,,,,,,,,,,,,,,,,,,,,,,,,,
angkat,main,terbang,manado,pulang,berangkat,berangkat,tentu,bilang,zaman,ajaib,senang,ubah,sebut,bohong,,,,,,,,,,,,,,,,,,,,,,,,,,,,,,,,,,,
ragu,lumayan,entertainmentnya,lengkap,acara,oke,dapet,makan,minum,gak,pakek,delay,alias,on,time,layan,mantepp,,,,,,,,,,,,,,,,,,,,,,,,,,,,,,,,,
coba,kelas,premium,grup,boarding,pindah,gate,gate,untung,ruang,asap,aroma,terapi,jalan,proses,take,off,landing,kasar,wings,overallpelayannya,ok,banget,saranbagi,jalan,kaki,pintu,peswat,ambil,bagasi,jalan,menit,,,,,,,,,,,,,,,,,,
ragu,beli,terbang,kondisi,desak,jadwal,full,paksa,beli,terbang,jelang,berangkat,berita,jaring,media,sosial,delay,panggil,tri,hubung,berangkat,boarding,cepat,tentu,duduk,nyaman,kondisi,tenang,sayang,hard,landing,over,all,is,good,,,,,,,,,,,,,,,
bagus,banget,layan,checkin,makassar,pilih,makan,makan,,,,,,,,,,,,,,,,,,,,,,,,,,,,,,,,,,,,,,,,,,
keluh,alam,terbang,terbang,pagi,check,in,cepat,antri,pendek,klaim,bagasi,bandara,juanda,puas,,,,,,,,,,,,,,,,,,,,,,,,,,,,,,,,,,,
pilih,terbang,flesksibel,pilih,dadak,,,,,,,,,,,,,,,,,,,,,,,,,,,,,,,,,,,,,,,,,,,,,
bilang,delay,sekian,delay,selamat,tuju,,,,,,,,,,,,,,,,,,,,,,,,,,,,,,,,,,,,,,,,,,,,
skeptis,tdk,dipungkiri,bantu,banyak,tuju,terbang,tawar,tambah,pilih,sedia,terbang,sama,on,time,,,,,,,,,,,,,,,,,,,,,,,,,,,,,,,,,,,
bbrp,terbang,pakai,lumayan,on,time,salah,penting,faktor,selamat,terbang,jarak,pendek,konsumsi,roti,minum,terbang,jarak,entertainment,saran,bawa,headphone,kalo,tinggal,beli,jarak,seat,lebar,kaki,usa,tekuk,keep,up,the,good,work,,,,,,,,,,,,,,
sempat,terbang,business,class,jurus,jakarta,surabaya,kursi,no,duduk,lebar,nyaman,terbang,alas,utama,coba,kelas,business,class,terbang,pendek,snack,terbang,salah,puding,mineral,brownies,pramugari,profesional,layan,coba,kelas,business,,,,,,,,,,,,,,,,,
udah,suka,banget,tampil,cakep,kursi,nyaman,leg,room,oke,in,flight,entertainmentnya,keren,film,up,to,date,makan,kemarin,nasi,plus,ikan,patin,request,minum,take,off,landing,smooth,nyaman,pokok,keren,,,,,,,,,,,,,,,,,
delay,waktu,suatu,capai,pramugari,cepat,tanggap,,,,,,,,,,,,,,,,,,,,,,,,,,,,,,,,,,,,,,,,,,,
juanda,cengkareng,nomor,terbang,id,on,time,proses,check,in,lancar,tugas,sigap,roti,snack,botol,mineral,bagi,tumpang,tidur,taruh,makan,lipat,kursi,layan,harga,atas,lcc,,,,,,,,,,,,,,,,,,,,,,
airline,alternatif,harga,tiket,garuda,indonesia,mahal,legroom,lega,cocok,tubuh,istri,fleetnya,modern,operasi,modern,operasi,garuda,urus,entertainment,layar,touchscreen,milik,mudah,operasi,layar,sayang,koleksi,film,terbang,pilih,musik,,,,,,,,,,,,,,,,,,
pilih,suka,jalan,santai,senang,pilih,film,musik,nikmat,jalan,bawa,earphone,headset,nikmat,tv,kursi,,,,,,,,,,,,,,,,,,,,,,,,,,,,,,,,,,
salah,alternatif,terbang,pergi,worth,it,nyaman,harga,jangkau,makan,saji,lumayan,friendly,service,,,,,,,,,,,,,,,,,,,,,,,,,,,,,,,,,,,,
harga,murah,fasilitas,bagus,sayang,alami,lambat,alas,lambat,mohon,maaf,lambat,pas,transit,makasar,turun,ternyta,pakai,palu,turun,tinggal,nunggu,pesawat,biar,repot,bawa,barang,repot,pas,periksa,lari,lari,,,,,,,,,,,,,,,,,,
bosan,jakarta,kendari,pramugari,ramah,makan,nasi,beef,bintang,lupa,biar,jalan,bosan,movie,layar,pulang,jakarta,hujan,deras,putar,putar,bandara,tunggu,jalur,baik,jakarta,cepat,cepat,menit,kira,mantap,jempol,,,,,,,,,,,,,,,,,,
group,ragu,maskapi,takut,delay,group,delay,telantar,tumpang,salah,pilih,,,,,,,,,,,,,,,,,,,,,,,,,,,,,,,,,,,,,,,
terbang,gruptepat,ruang,kabin,nyamanharga,kompetitif,,,,,,,,,,,,,,,,,,,,,,,,,,,,,,,,,,,,,,,,,,,,
nyaman,tumpang,longgar,duduk,hibur,perjanalan,monitor,depan,duduk,tumpang,,,,,,,,,,,,,,,,,,,,,,,,,,,,,,,,,,,,,,,,
pilih,banding,sodaranya,telat,layar,monitor,nonton,jadi,terbang,nyaman,harga,jangkau,sedia,roti,tumpang,,,,,,,,,,,,,,,,,,,,,,,,,,,,,,,,,,,
pilih,pergi,duluawalnya,gimanaaa,gitu,denger,nama,batiktapi,terbang,pertamakalilangsung,jatuh,cinta,si,keseluruhanoke,,,,,,,,,,,,,,,,,,,,,,,,,,,,,,,,,,,,
group,tawar,layan,full,service,layan,bagasi,gratis,batas,makan,ringan,video,on,demand,vod,lengkap,headphone,,,,,,,,,,,,,,,,,,,,,,,,,,,,,,,,,
antar,jalan,dinas,alas,harga,reasonable,tawar,fasilitas,terbang,aman,alami,delay,cancelled,flight,ubah,jadwal,hubung,sebelumya,suka,jalan,transit,cgk,pku,konsumsi,tumpang,nikmat,hibur,layar,sentuh,kursi,tumpang,isi,ratus,film,acara,tv,podcast,games,terbang,tumpang,charge,hp,usb,plug,sedia,,,,,
salah,full,service,jangkau,jadwal,terbang,cepat,schedule,nyaman,terbang,sama,layan,dlm,terbang,senang,,,,,,,,,,,,,,,,,,,,,,,,,,,,,,,,,,,
relatif,on,time,layan,kabin,fasilitas,entertainment,on,flight,senang,bosan,jalan,makan,juha,,,,,,,,,,,,,,,,,,,,,,,,,,,,,,,,,,,,
turun,kualitas,banding,th,fasilitas,tv,sedia,website,check,in,alami,masalaj,web,check,in,suka,pergi,jarak,kursi,lega,free,bagasi,meal,saran,tingkat,kualitas,on,time,performance,jaga,fasilitas,citra,indonesia,,,,,,,,,,,,,,,,,
salah,senang,jadwal,on,time,layan,ramah,makan,hibur,filmfilm,tarik,,,,,,,,,,,,,,,,,,,,,,,,,,,,,,,,,,,,,,,
salah,terbang,favorit,jarak,lengkap,tv,film,lumayan,bunuh,bosan,jarak,kursi,lebar,kaki,lumayan,nyaman,sayang,tv,mati,jarak,pendek,tv,fungsi,,,,,,,,,,,,,,,,,,,,,,,,,,,
salah,pilih,bijak,harga,layan,muas,sedia,tv,hibur,jalan,snack,minum,terbang,tgl,sept,am,surabaya,aga,ttg,selamat,terbang,live,layar,tv,,,,,,,,,,,,,,,,,,,,,,,,,,
guna,jalan,pulang,solo,jakarta,sedia,cek,in,terbang,on,time,layan,kabin,kalah,milik,negara,informasi,ruang,kemudi,dengar,tumpang,,,,,,,,,,,,,,,,,,,,,,,,,,,,,
terbang,benah,delayed,seram,layan,flight,delayed,alami,rusa,cari,ganti,cepat,delayed,paham,alas,selamat,penting,delayed,snack,tunggu,terus,benah,,,,,,,,,,,,,,,,,,,,,,,,,,,,
terbang,singa,nyaman,untung,alam,flying,milik,rute,,,,,,,,,,,,,,,,,,,,,,,,,,,,,,,,,,,,,,,,,,
beberapakali,cermat,tepat,terbang,ganggu,jadwal,depan,tambah,menu,makan,tambah,poin,samping,layan,ramah,kru,awak,kabin,jadi,terbang,nyaman,,,,,,,,,,,,,,,,,,,,,,,,,,,,,
terbang,murah,negara,murah,terima,kasih,bantu,libur,sesuai,rencana,,,,,,,,,,,,,,,,,,,,,,,,,,,,,,,,,,,,,,,,
benarbenar,fantastis,alam,grup,singa,terbang,jt,atur,lepas,landas,ramah,kru,unggul,harap,terbang,singa,ajar,terbang,panutan,bagus,,,,,,,,,,,,,,,,,,,,,,,,,,,,,,
berangkat,bandara,rembele,kabupaten,bener,riah,pagi,transit,bandara,kuala,namu,batam,jalan,takengon,surabaya,on,time,surabaya,tiket,thanks,indonesia,,,,,,,,,,,,,,,,,,,,,,,,,,,,,
berangkat,bal,jakarta,selamatpelayanan,pramugari,ramah,baikseat,lumayan,,,,,,,,,,,,,,,,,,,,,,,,,,,,,,,,,,,,,,,,,,
teman,travel,agent,tawar,harga,promo,bisnis,class,jogja,pekanbaruawalnya,ragu,harga,jt,nikmat,layan,bisnis,classternyata,proses,chekin,tugas,arah,keeksekutive,loungepelayanan,super,bandara,pesawat,,,,,,,,,,,,,,,,,,,,,,,,
beda,saudara,terbang,andal,tepat,nyaman,kabin,tarif,terbang,sorong,kompetitif,banding,sriwijaya,tawar,segment,suguh,makan,menang,garuda,indonesia,,,,,,,,,,,,,,,,,,,,,,,,,,,,,,
hubung,promoakhir,libur,murah,harga,pas,fasilitas,okehanya,tepat,terbang,nyarecomended,flight,budget,pas,,,,,,,,,,,,,,,,,,,,,,,,,,,,,,,,,,,,
bersih,rapi,peswat,pesawat,bersih,harga,jangkau,lcd,hibur,include,snack,,,,,,,,,,,,,,,,,,,,,,,,,,,,,,,,,,,,,,,
bersih,roti,murah,murah,flight,attendant,ramah,proses,booking,dst,mudah,pesan,traveloka,alesan,bisnis,cancel,proses,cancellnya,mudah,,,,,,,,,,,,,,,,,,,,,,,,,,,,,,,
tentang,ulas,temu,terbang,staf,checkn,ramah,boarding,efisien,kursi,jatuh,salah,model,aman,asia,layan,troli,laju,lorong,cepat,membuangbuang,,,,,,,,,,,,,,,,,,,,,,,,,,,,,
spesial,normal,lowcost,beli,makan,minum,papan,menu,proposisi,belanja,bebas,bea,jakartadenpasarjakarta,juta,ribu,rupiah,indo,murah,cepat,,,,,,,,,,,,,,,,,,,,,,,,,,,,,,,
lambat,bicara,kadang,untung,kaaren,lambat,serasa,ditungguin,terbang,murah,tunggu,pramugari,cantik,ramah,pramugari,terbang,ratarata,tembok,konsumen,ramah,tulus,digodain,tumpang,jail,,,,,,,,,,,,,,,,,,,,,,,,,,
boarding,layan,flight,attendant,prima,pilot,ngasih,bonus,atraksi,take,off,bonus,view,landscape,kota,semarang,eksotis,jelang,landing,biasaroda,jejak,landas,pacu,,,,,,,,,,,,,,,,,,,,,,,,,,,
booking,tiket,loket,checkin,infoin,ganti,denger,jadwal,sesuai,fasilitas,bagus,banding,karna,kursi,sedia,tv,lagu,film,game,,,,,,,,,,,,,,,,,,,,,,,,,,,,,,,
april,lalukebetulan,tugas,jakartakarna,sempit,harga,tiket,mahal,harga,tiket,mdcjkt,jutanormalnya,juta,alternatif,mes,tiket,manadojakarta,transit,surabaya,harga,pegang,boarding,pass,jt,mdcsubjk,santai,ruang,tunggu,dengar,umum,terbang,jt,delay,terbang,connect,jakarta,tawar,pindah,terbang,direct,mdcjkt,biaya,tambah,sedikit,alhasil,nikmat,fasilitas,terbang,harga,tiket
cekin,cepat,layan,ramah,makan,minum,lombok,denpasar,delay,ambil,bagasi,harga,standar,hibur,terima,kasih,,,,,,,,,,,,,,,,,,,,,,,,,,,,,,,,,,
checkin,cepat,kru,darat,efisien,banding,kru,darat,cebu,pacific,buruk,konter,buka,kerja,gerak,cepat,lambat,harap,murah,jalan,singkat,harga,,,,,,,,,,,,,,,,,,,,,,,,,,,,
coba,bawa,power,bank,takut,alami,ganggu,pd,layar,monitor,mencharder,hpnya,music,pilih,servis,muas,layan,darat,istimewa,,,,,,,,,,,,,,,,,,,,,,,,,,,,,,,
crew,ramah,bersih,layan,muas,delay,tonton,filmserial,tv,jalan,harga,muas,,,,,,,,,,,,,,,,,,,,,,,,,,,,,,,,,,,,,,
layan,pramugari,ramah,makan,terbang,menjdai,nilai,plus,hehehe,,,,,,,,,,,,,,,,,,,,,,,,,,,,,,,,,,,,,,,,,
lumayan,layan,fasilitas,dans,sarana,prasarana,budget,keluar,delay,tebang,pekanbaru,,,,,,,,,,,,,,,,,,,,,,,,,,,,,,,,,,,,,,,
rangka,jalan,dinas,rombong,lumayan,makan,layan,lionlah,makan,standar,pramugari,sok,angkuh,bantu,loh,jgn,ratu,cantik,dlm,,,,,,,,,,,,,,,,,,,,,,,,,,,,,,,
rangka,tugas,kantor,medan,senin,tanggal,april,terbang,id,berangkat,terminal,bandara,soekarno,hatta,bandara,kualanamu,medan,terbang,tepat,berangkat,departure,jakarta,kota,medan,jadwal,tugas,sesuai,rencana,siap,layan,awak,kabin,flight,attendant,service,menu,makan,nasi,liwet,tambah,potong,roti,mineral,,,,,,,
amdk,aqua,ml,roti,vegetarian,minta,makan,via,internet,pilih,film,gagal,putar,nikmat,hibur,telinga,siap,bawa,earphone,mm,akan,nikmat,film,bisu,,,,,,,,,,,,,,,,,,,,,,,,,,
bal,surakarta,harga,tiket,lumayan,jangkau,pramugari,ramah,sayang,delay,,,,,,,,,,,,,,,,,,,,,,,,,,,,,,,,,,,,,,,,
segi,layan,usaha,baik,baik,delay,tubuh,ruang,kaki,nyaman,,,,,,,,,,,,,,,,,,,,,,,,,,,,,,,,,,,,,,,,
take,offnya,terlabat,sampai,balikpapan,pas,moga,terbang,pulang,sore,hari,,,,,,,,,,,,,,,,,,,,,,,,,,,,,,,,,,,,,,,
delay,tanggung,snack,kecewa,lambat,,,,,,,,,,,,,,,,,,,,,,,,,,,,,,,,,,,,,,,,,,,,,
delay,bawa,lambat,layan,ok,makan,ok,entertainment,ok,,,,,,,,,,,,,,,,,,,,,,,,,,,,,,,,,,,,,,,,,
jalan,nyaman,harga,mahal,ukur,jalan,bisnis,,,,,,,,,,,,,,,,,,,,,,,,,,,,,,,,,,,,,,,,,,,
senang,hati,terbang,terbang,manis,landing,pesawatnyasayangnya,makan,majalah,atap,staf,darat,sangatvwelcome,ramahpokoknya,ubah,oke,,,,,,,,,,,,,,,,,,,,,,,,,,,,,,,,,,
karena,cepet,mojokerto,senagn,banget,terbang,pulang,pergi,surabaya,bandung,istimewa,ndak,delay,tingkat,layan,,,,,,,,,,,,,,,,,,,,,,,,,,,,,,,,,,,
lengkap,desert,minum,makan,sedia,terbang,nyaman,jakarta,to,pekanbaru,,,,,,,,,,,,,,,,,,,,,,,,,,,,,,,,,,,,,,,,
ulas,untung,halhal,terbang,lombok,bal,mes,agen,jalan,lombok,mudah,terbang,jalan,can,bayar,kilo,dolar,bagasi,daftar,checkin,tahu,riset,terbang,staf,konter,awak,ramah,tunggu,menit,tas,turun,sempat,,,,,,,,,,,,,,,,,,
sejajar,layan,meal,jalan,salah,ciri,full,service,raih,group,sengaja,kompetisi,ceruk,pasar,kelas,saing,segment,tingkat,gaung,frequent,flyer,member,benefit,ciri,full,service,airline,beda,lcc,low,cost,carrier,maju,kualitas,layan,full,service,masyarakat,semangat,,,,,,,,,,,
tengah,mahal,harga,tiket,harga,wajar,service,tumpang,baiksehingga,faktor,harga,wajar,fasilitas,akomodasi,pilih,bagasi,pelit,bawa,oleholeh,,,,,,,,,,,,,,,,,,,,,,,,,,,,,,,
rute,jakartajogja,batam,jakarta,bagus,ruang,lega,staff,ramah,snack,layan,tonton,film,jalan,harga,jangkau,garuda,layan,kualitas,tara,,,,,,,,,,,,,,,,,,,,,,,,,,,,,,
tournament,mancing,morotai,island,booking,berangkat,telp,berita,kejut,bilang,flight,cancel,ternate,connect,bla,blasetelah,urus,mancing,kemarin,mancing,palu,rani,ubah,alat,pancing,bagasi,angkut,flight,delay,nyaman,mudah,benah,samping,murah,commitment,jaga,tumpang,tuju,sesuai,jadwalkeep,it,upbravo,,,,,,,,
suka,terbang,harga,tiket,ekonomis,lambat,henti,terbang,pilih,garuda,indonesia,minggu,terbang,kupang,terbang,upg,sub,operasi,ragu,delay,insiden,,,,,,,,,,,,,,,,,,,,,,,,,,,,,
fasilitas,lumayan,pramugari,ramahramah,sopan,senang,,,,,,,,,,,,,,,,,,,,,,,,,,,,,,,,,,,,,,,,,,,,
flight,from,kdi,to,sub,transit,at,upg,terbang,upg,dapet,flight,ife,upg,sub,ifenya,snack,roti,ajaminumnua,putih,overall,take,off,landingnya,ife,dieprbaruhi,lagu,nice,job,,,,,,,,,,,,,,,,,,,,,
flight,pagi,jakarta,cgk,denpasar,terminal,take,off,tumpang,final,call,bantu,flight,enak,flight,pagi,matahari,terbit,blue,sky,bs,jelajah,bal,pagi,flight,meal,flight,pagi,bareng,sarap,order,makan,nasi,goreng,karage,harga,,,,,,,,,,,,,,
laku,harga,bagus,ambil,terbang,terbang,ambil,terbang,no,delay,rekomendasi,pergi,libur,jadwal,padat,,,,,,,,,,,,,,,,,,,,,,,,,,,,,,,,,,,
ribu,makassar,bal,terbang,mulus,sayang,crew,cabin,sahabat,jam,nampak,senyum,landing,mulus,banget,,,,,,,,,,,,,,,,,,,,,,,,,,,,,,,,,,,
harga,murah,nilai,alam,senang,senang,ideal,terbang,domestik,singkat,,,,,,,,,,,,,,,,,,,,,,,,,,,,,,,,,,,,,,,,
harga,tiket,lumayan,jadwal,terbang,pilih,rute,rute,tambah,saran,menggambil,connecting,flight,lupa,terbang,kecewa,jadwal,beranta,tau,sebab,delay,slot,banyak,bandara,sanggup,imbang,fasilitas,efisiensi,logo,singa,utama,mangsa,terbang,alias,monopoli,terbang,imbang,mampu,efisiensi,ontime,travel,so,for,connecting,flight,big,nono,,,
harga,akal,terbang,domestik,terbang,singkat,terbang,milik,makan,ringan,tumpang,harap,layan,,,,,,,,,,,,,,,,,,,,,,,,,,,,,,,,,,,,,
harga,murah,murah,layan,bagus,suara,bising,berangkat,snack,,,,,,,,,,,,,,,,,,,,,,,,,,,,,,,,,,,,,,,,,
tinggal,dengar,umum,panggil,ruang,tunggu,sadar,tangan,terbang,lepas,landas,dekat,layan,langgan,kejut,lepas,landas,nama,umum,takimg,off,saran,pergi,kantor,tangga,temu,tugas,lupa,nama,ubah,jadwal,bayar,heran,beli,jujur,minimal,jarang,lambat,rekomendasi,jalur,udara,terbang,terima,kasih,,,,,,
terbang,singapore,jakarta,on,time,banget,layan,ramah,menu,makan,sedia,teman,hibur,film,baru,kesan,terbang,,,,,,,,,,,,,,,,,,,,,,,,,,,,,,,,,
terbang,lampung,jakarta,terbang,jt,lampung,jakarta,awan,terbang,lancar,makan,minum,menit,terbang,ambil,bagus,lepas,landas,darat,,,,,,,,,,,,,,,,,,,,,,,,,,,,,,,
terbang,thai,layan,murah,nyaman,jangkau,,,,,,,,,,,,,,,,,,,,,,,,,,,,,,,,,,,,,,,,,,,,
bandara,terbang,cek,in,lancar,layan,ramah,boarding,terbang,menit,cepat,senang,informasi,beritahukan,detail,cuaca,cerah,terbang,nyaman,guncang,bandara,adisucipto,cepat,kira,,,,,,,,,,,,,,,,,,,,,,,,,,
embelembel,bayar,kapasitas,bagasi,ekstra,tambah,murah,,,,,,,,,,,,,,,,,,,,,,,,,,,,,,,,,,,,,,,,,,,
terbang,rute,harga,spesial,ramadhan,puasa,bel,pagipagi,terbang,lcc,nyaman,ruang,kaki,nyaman,apaapa,kursi,terbang,lcc,malaysia,terbang,airlines,menit,terbang,terbang,singkat,palembang,pangkal,pinang,terbang,terbang,kelas,kelas,bisnis,terbang,lcc,rasa,,,,,,,,,,,,,,
alam,beri,alam,terbang,menit,bumi,makasih,pikir,takut,sesuai,pikir,buat,nyamanwkwkwk,mantapp,,,,,,,,,,,,,,,,,,,,,,,,,,,,,,,,,,,,
jakartasemarang,kondisi,ramai,musim,mudik,lebaran,jadwal,berangkat,jadwal,terbang,tumpang,sila,segitu,delay,jadwal,terbang,tumpang,sila,gerak,,,,,,,,,,,,,,,,,,,,,,,,,,,,,,,
sekian,thanks,god,ngalamin,delay,on,time,trip,inirezeki,sempet,was,was,berita,super,delay,,,,,,,,,,,,,,,,,,,,,,,,,,,,,,,,,,,
mengunakan,terbang,pulang,bal,jakarta,minggu,harga,lumayan,mahal,harga,mahal,terbang,minggu,mana,orangorang,jakarta,libur,terbang,makan,snack,roti,putih,tvscreen,layar,tumpang,fungsi,rusak,terbang,sengaja,mengfungsikan,layarlayar,kursi,tumpang,harga,garuda,bagan,baik,kerja,fasilitas,baik,tingkat,layan,tara,terbang,garuda,,,,,
alam,kecewa,group,dengan,terbang,on,time,tv,modal,earphone,snack,isi,roti,mineral,terbang,hibur,film,terbang,singkatsehingga,menyelesaikannyapadahal,pilih,film,variatif,,,,,,,,,,,,,,,,,,,,,,,,,,,
alam,berangkat,batam,jakarta,class,economy,harga,tiket,lumayan,murah,layan,bagus,cemilan,guna,nomor,kursi,guna,perhati,duduk,sesuai,tiket,milik,,,,,,,,,,,,,,,,,,,,,,,,,,,,
coba,tuju,malang,urus,kerja,unggul,ruang,kaki,lega,hibur,masingmasing,kursi,berangkat,tepat,hut,tni,au,terbang,alami,delay,delay,untung,hibur,tonton,film,tunggu,berangkat,earphone,sedia,tau,sedia,earphone,jual,pramugari,info,,,,,,,,,,,,,,,
ragu,inikarena,kasusnyauntungnya,sayatp,kecewa,berangkat,jadwal,tentu,,,,,,,,,,,,,,,,,,,,,,,,,,,,,,,,,,,,,,,,,,
terbang,senang,umum,arah,jendela,mana,kecewa,layar,depan,hibur,salah,layar,depan,hitam,awak,layar,ajar,ambil,berekspektasi,,,,,,,,,,,,,,,,,,,,,,,,,,,,,,,
terbang,khawatir,lambat,boarding,aman,delay,boarding,salah,perhati,lancar,darat,gemetar,,,,,,,,,,,,,,,,,,,,,,,,,,,,,,,,,,,,,,
terbang,pilih,terbang,sesuai,terbang,delay,menit,normal,layan,udara,muas,hibur,terbang,low,budget,flight,bersih,bagus,,,,,,,,,,,,,,,,,,,,,,,,,,,,,,,,
sekian,baguslandingnya,enaknyaman,staff,ramah,,,,,,,,,,,,,,,,,,,,,,,,,,,,,,,,,,,,,,,,,,,,,
yanhg,in,time,dar,on,time,kelas,bisnis,klas,ekonomi,penuh,pindah,klas,hibur,tv,colok,charger,sapai,tuju,hp,tambah,daya,,,,,,,,,,,,,,,,,,,,,,,,,,,,
jadwal,terbang,on,time,schedule,relasi,waktudan,makan,minum,layan,pramugari,ramah,,,,,,,,,,,,,,,,,,,,,,,,,,,,,,,,,,,,,,
jam,ontime,layan,muas,tagih,naik,tingkat,layan,,,,,,,,,,,,,,,,,,,,,,,,,,,,,,,,,,,,,,,,,,
jarak,bangku,in,flight,entertainment,oksekalipun,film,batas,tdk,film,sedia,terbang,pd,flight,krn,terbang,singkat,oleh,roti,mineral,pd,terbang,no,id,cgksub,alami,landing,smooth,bumpy,banting,,,,,,,,,,,,,,,,,,,,
jarak,kursi,lega,terbang,anakanak,suka,pilih,tayang,hibur,anak,makan,porsi,lumayan,pilih,mineral,teh,kopi,sedia,airsickness,bag,anak,rasa,mual,goncangan,terbang,pramugari,ceroboh,tumpah,minum,mineral,teh,lorong,,,,,,,,,,,,,,,,,,
jarak,kursi,luas,pramugari,terbang,senang,bersih,nyaman,,,,,,,,,,,,,,,,,,,,,,,,,,,,,,,,,,,,,,,,,,
pekanbaru,medan,harga,tiket,murah,kendala,apa,pernerbangan,menit,aman,nyaman,,,,,,,,,,,,,,,,,,,,,,,,,,,,,,,,,,,,,,,
terbang,pagi,layan,ontime,sesuai,tiket,alam,sebelumsebelumnya,siang,sore,malam,delay,,,,,,,,,,,,,,,,,,,,,,,,,,,,,,,,,,,,,,
jujur,alam,pertma,coba,pasca,celaka,jadi,pakai,delay,ber,jamjam,alami,landing,kasar,cuman,alam,rasa,beda,berangkat,ontime,landing,nyaman,sedia,flight,entertainment,airfi,bosan,jalan,pkusub,baik,layan,ambil,hati,langgan,oh,muat,bagasi,tp,mbak,baik,hati,tambah,bagasi,,,,,,,
kabin,luas,bersih,lega,hibur,film,pilih,makan,layan,pramugari,mantap,jadwal,,,,,,,,,,,,,,,,,,,,,,,,,,,,,,,,,,,,,,
pakai,berekspetasi,berangkat,terbang,kemungkina,delay,menit,kebanyakanon,time,terbang,sore,delay,you,get,what,you,pay,any,way,terimakasih,kasih,tiket,sesuai,budged,,,,,,,,,,,,,,,,,,,,,,,,,,
berani,ambil,first,flight,pake,delay,panggil,wooowww,early,alias,mana,boarding,menit,aebelum,berangkat,rekomendasi,utk,first,flight,jarang,delay,pswrltnya,parkir,bersih,sich,krn,dipake,,,,,,,,,,,,,,,,,,,,,,,
jadwal,terbang,sesuai,schedule,tumpang,enjoy,nyaman,moga,,,,,,,,,,,,,,,,,,,,,,,,,,,,,,,,,,,,,,,,,,
ln,nasional,rangka,umroh,direct,transit,kesan,jadwal,terbang,on,time,layan,optimal,take,off,landing,mulus,guncang,udara,crew,ramah,kurang,hibur,on,dashboard,selimut,standard,crewnya,ramah,bersitegang,bimbing,sholat,diri,pintu,darurat,moga,depan,tingkat,layan,sisi,hibur,,,,,,,,,
berhatihati,ambil,terbang,jalan,perahu,harga,mahal,terbang,mudah,lepas,landas,darat,harga,bagus,terbang,,,,,,,,,,,,,,,,,,,,,,,,,,,,,,,,,,,
berangkat,muat,mudah,delay,benarbenar,layan,terbang,harap,,,,,,,,,,,,,,,,,,,,,,,,,,,,,,,,,,,,,,,,,,
langgan,tugas,bal,lombok,sulawesi,kalimanta,jakarta,kota,destinasi,sekarng,jatang,delay,flight,surabaya,batam,buka,oarng,habis,pulang,libur,surabaya,,,,,,,,,,,,,,,,,,,,,,,,,,,,,
jalan,terbang,indonesia,terbang,mudah,pes,layan,bagus,biaya,rendah,sedia,pilih,salah,terbang,alami,lambat,bagasi,banyak,terbang,nyaman,,,,,,,,,,,,,,,,,,,,,,,,,,,,,,
ambil,flight,subuhbersama,bayi,check,in,layan,terbang,tingkat,layan,baik,,,,,,,,,,,,,,,,,,,,,,,,,,,,,,,,,,,,,,,
ambil,bcz,murah,terbang,domestik,harga,turun,rute,harga,dubbel,,,,,,,,,,,,,,,,,,,,,,,,,,,,,,,,,,,,,,,,
jalan,pulau,anak,usaha,wings,indonesia,harga,jangkau,layan,makan,lengkap,modern,muda,awat,staf,bantu,,,,,,,,,,,,,,,,,,,,,,,,,,,,,,,,,,
terbang,domestik,salah,harga,bagasi,kl,gratis,makan,ringan,gratis,terbang,kru,efisien,bersih,mesan,mudah,online,guna,,,,,,,,,,,,,,,,,,,,,,,,,,,,,,,,
terbang,berkalikali,thai,layan,konsisten,terbang,berangkat,senang,harga,mesan,mudah,harga,situs,web,harga,tambah,pajak,dll,opsi,layananasuransi,tambah,mudah,lewat,,,,,,,,,,,,,,,,,,,,,,,,,,,
terbang,bandung,bal,layan,kru,bantu,terbang,mulus,nikmat,pandang,jendela,bayar,makan,minum,harga,baikbaik,,,,,,,,,,,,,,,,,,,,,,,,,,,,,,,,,,
terbang,denpasar,lombok,tahu,terbang,saudara,sayap,bagasi,daftar,sengat,lebih,bagasi,bagus,terbang,terbang,nyonya,rumah,ramah,,,,,,,,,,,,,,,,,,,,,,,,,,,,,,,,
terbang,bandara,halim,perdanakusuma,terbang,bandara,nyaman,bandara,penuh,terbang,on,time,take,off,landing,nyaman,makan,saji,dingin,,,,,,,,,,,,,,,,,,,,,,,,,,,,,,,
terbang,pagi,jogja,labu,bajo,salah,satu,harga,miring,pilih,terbang,labu,bajo,transit,denpasar,untung,terbang,telat,konter,checkin,penuh,,,,,,,,,,,,,,,,,,,,,,,,,,,,,
berangkat,datang,bagus,awat,banyak,kenal,layan,makan,rekomendasi,,,,,,,,,,,,,,,,,,,,,,,,,,,,,,,,,,,,,,,,,
beli,tiket,kelas,bisnis,bangun,siang,tinggal,checkin,kelas,bisnis,upaya,mepet,sampaisampai,bagasi,bawa,tugas,saya,lari,he,,,,,,,,,,,,,,,,,,,,,,,,,,,,,,,
kemarin,bandar,lampung,jakarta,jadwal,terbang,pesan,tiket,agen,terbang,online,kesal,kirim,jadwal,reschedule,keliru,telpon,nomor,angkat,telpon,angkat,jadwal,reschedule,kembali,jadwal,reschedule,tumpang,cemas,nyaman,moga,reschedule,,,,,,,,,,,,,,,,,,,
kota,laksana,tugas,dinas,banjarmasin,terbang,malam,on,time,,,,,,,,,,,,,,,,,,,,,,,,,,,,,,,,,,,,,,,,,
tara,via,balikpapan,terbang,delay,makassar,balikpapan,tua,balikpapan,tara,transit,terminal,tunggu,tara,ganti,gate,,,,,,,,,,,,,,,,,,,,,,,,,,,,,,,,,,
pilih,flight,harga,sesuai,terbang,sesuai,jadwal,take,off,landngnya,mulus,terima,kasih,,,,,,,,,,,,,,,,,,,,,,,,,,,,,,,,,,,,,
nyata,saudara,area,ruang,tunggu,info,delay,delaynya,pas,alas,cuaca,buruk,apa,alas,sunnguh,sebal,,,,,,,,,,,,,,,,,,,,,,,,,,,,,,,,,,
kesan,hibur,mati,sih,bilang,nie,baik,baik,grup,jarang,delay,fasilitas,,,,,,,,,,,,,,,,,,,,,,,,,,,,,,,,,,,,,,
tepat,pakai,layan,muas,terbang,kelas,ekonomi,,,,,,,,,,,,,,,,,,,,,,,,,,,,,,,,,,,,,,,,,,,
kursi,nyaman,harga,murah,jatah,bagasi,seringsering,promo,good,service,,,,,,,,,,,,,,,,,,,,,,,,,,,,,,,,,,,,,,,,
layan,counter,check,in,tugas,murah,senyum,pramugari,ramah,murah,senyum,tumpang,servicenya,gak,kalah,baik,indonesia,naek,landingnya,mulus,duduk,jarak,oke,banget,banding,sodaranya,lair,pesawat,jenis,airbus,idk,overall,keluarga,nyaman,terbang,lanjut,layan,,,,,,,,,,,,,
layan,mesan,tiket,online,cepat,murah,fleksibel,nilai,unggul,sayang,atm,bank,otomatis,hubung,sistim,bayar,,,,,,,,,,,,,,,,,,,,,,,,,,,,,,,,,,
layan,terbang,full,service,milik,group,layan,meal,layar,hibur,keluar,uang,memdapatkan,headset,,,,,,,,,,,,,,,,,,,,,,,,,,,,,,,,,,,,
layan,staf,profesional,milik,bangsa,tamu,kapal,kesan,layan,,,,,,,,,,,,,,,,,,,,,,,,,,,,,,,,,,,,,,,,,
layan,delay,actually,ruang,kaki,nyaman,bangku,nyaman,bagasi,tumpang,tumpang,bagasi,rusak,buka,,,,,,,,,,,,,,,,,,,,,,,,,,,,,,,,,,,,
terbang,murah,embelembel,reputasi,lambat,outbound,inbound,staf,checkin,ramah,minta,duduk,belah,pintu,darurat,kaki,hormat,keluh,biaya,rendah,mil,,,,,,,,,,,,,,,,,,,,,,,,,,,,,
ekonomi,embelembel,pergi,siap,ubah,gat,menit,delay,berangkat,sempat,ubah,gerbang,menit,terbang,terbang,lancar,kupang,benarbenar,senang,sayang,layan,konsultasi,informasi,langgan,terampil,moga,iring,tumpang,lambat,menit,dalam,delay,,,,,,,,,,,,,,,,,,
terbang,biaya,rendah,bagasi,checkin,gratis,ruang,kaki,makan,minum,tawar,harga,rendah,layar,hibur,layan,,,,,,,,,,,,,,,,,,,,,,,,,,,,,,,,,,
terbang,murah,suka,bagasi,gratis,terbang,harga,murah,online,check,in,terbang,internasional,,,,,,,,,,,,,,,,,,,,,,,,,,,,,,,,,,,,,
lau,seringkali,delay,akhirakhir,cenderun,on,time,selamat,moga,kondisi,tahan,,,,,,,,,,,,,,,,,,,,,,,,,,,,,,,,,,,,,,,
banyak,milik,modern,ratarata,kondisi,terbang,delay,tingkat,pesat,terbang,ok,kursi,banyak,eropa,terbang,singkat,apaapa,harga,tiket,rendah,harap,layan,kapal,banding,anggar,ratarata,untung,milik,jaring,terbang,terbang,,,,,,,,,,,,,,,,,,,
milik,atur,bagasi,kabin,khawatir,milik,terbang,indonesia,jakarta,yogyakarta,yogyakartadenpasar,denpasarjakarta,checkin,bagasi,kabin,beban,bagasi,kabin,tumpang,bawa,bagasi,kabin,normal,xx,,,,,,,,,,,,,,,,,,,,,,,,,,
tawar,tiket,murah,kota,indonesia,mes,murah,harga,dapat,nama,adik,wilayah,indonesia,timur,terbang,malaysia,thailand,milik,armada,staf,darat,awak,ramah,terbang,kotakota,bagasi,checkin,gratis,terbang,senang,guna,jalan,keliling,pulau,indonesia,barat,timur,,,,,,,,,,,,,
operasi,boeing,er,sektor,jakarta,to,denpasar,checkin,lancar,umum,bandara,keras,paham,kendali,boarding,mudah,hasil,pindah,kursi,kosong,pitch,kursi,ketat,ratarata,duka,terbang,mulus,terbang,,,,,,,,,,,,,,,,,,,,,,
moda,transportasi,low,budget,milik,pribumi,asli,indonesia,seringkali,promo,tiap,rute,,,,,,,,,,,,,,,,,,,,,,,,,,,,,,,,,,,,,,
terbang,konsisten,baik,indonesia,delay,layan,satusatunya,temu,minus,ruang,kaki,kaki,terbang,domestik,milik,kursi,kelas,bisnis,sikap,staf,darat,perhati,kursi,,,,,,,,,,,,,,,,,,,,,,,,,,,
benak,dalam,pikir,delay,libur,bawa,ontime,layan,muas,karna,berlombalomba,layan,sepenuh,hati,sayang,bersih,temu,boardingpass,tumpang,tanggal,,,,,,,,,,,,,,,,,,,,,,,,,,,,,,
delayed,pramugari,komunikatif,harga,ekonomis,cocok,rantau,kuliah,kota,,,,,,,,,,,,,,,,,,,,,,,,,,,,,,,,,,,,,,,,,
baik,sitem,jadi,delay,ubah,jadwal,untung,alami,ubah,lancar,,,,,,,,,,,,,,,,,,,,,,,,,,,,,,,,,,,,,,,,
tuju,palembang,surabaya,berangkat,nyaman,direct,flight,banding,transit,jakarta,harga,ekonomis,,,,,,,,,,,,,,,,,,,,,,,,,,,,,,,,,,,,,,
udah,delay,on,time,banget,jalan,yogyakarta,bal,service,muas,sukses,,,,,,,,,,,,,,,,,,,,,,,,,,,,,,,,,,,,,,,
airlines,premium,izin,bagasi,kilogram,gratis,banyak,ekonomi,koper,kadangkadang,ambil,barang,pergi,masuk,tas,beli,tas,ransel,murah,isi,senang,biaya,bagasi,baht,airlines,bangga,milik,sertifikasi,selamat,milik,banyak,periksa,senang,milik,jamin,milik,terbang,ekonomi,thailand,,,,,,,,,,,
barubaru,terbang,hari,kupang,denpasar,terbang,nila,pesawat,bersih,staf,ramah,bantu,checkin,ambil,bagasi,,,,,,,,,,,,,,,,,,,,,,,,,,,,,,,,,,,
tingkat,layan,layan,hari,jarak,kursi,lambat,lintas,denpasar,,,,,,,,,,,,,,,,,,,,,,,,,,,,,,,,,,,,,,,,,
little,bit,surprise,jalan,surabaya,jakarta,lengkap,tv,monitor,tuk,hibur,transit,menit,jakarta,terbang,medan,layan,lengkap,tv,monitor,hibur,,,,,,,,,,,,,,,,,,,,,,,,,,,,,
lounge,rapih,bersih,makan,minum,sedia,rasanta,kecewa,layan,ramah,makan,munuman,,,,,,,,,,,,,,,,,,,,,,,,,,,,,,,,,,,,,,
lumayan,terbang,kecewa,cuman,inflight,entertaiment,televisi,mati,,,,,,,,,,,,,,,,,,,,,,,,,,,,,,,,,,,,,,,,,,
makan,banget,kaki,luas,harga,jangkau,pramugari,baikbaik,pemumpang,turun,kapten,kokpit,bilang,terima,kasih,jalan,neng,banget,,,,,,,,,,,,,,,,,,,,,,,,,,,,,,,,
standartlah,kecewa,puasa,inti,yaa,standar,sesuai,harga,,,,,,,,,,,,,,,,,,,,,,,,,,,,,,,,,,,,,,,,,,
layan,check,in,bandara,tuju,muas,harga,mahal,layan,jadwal,terbang,nice,,,,,,,,,,,,,,,,,,,,,,,,,,,,,,,,,,,,,,
diskon,baik,keliling,cepat,thailand,murah,nyaman,saji,kue,terbang,gratis,satusatunya,minus,delay,seringkali,lambat,,,,,,,,,,,,,,,,,,,,,,,,,,,,,,,,,,
domestik,favorite,pesawat,nyaman,ruang,kaki,lebar,meal,harga,jangkau,,,,,,,,,,,,,,,,,,,,,,,,,,,,,,,,,,,,,,,,
domestik,terjangkauwalapun,fasilitas,terbang,sempurna,delay,,,,,,,,,,,,,,,,,,,,,,,,,,,,,,,,,,,,,,,,,,,,
grup,bisnis,layan,on,time,schedule,terbang,pagi,check,in,pagi,tugas,lambat,menit,akibat,antri,check,in,tugas,counter,maaf,untung,jadwal,berangkat,ontime,,,,,,,,,,,,,,,,,,,,,,,,,
rekomendasi,bagasi,meal,ok,seat,harum,bukti,pelihara,lancar,sekian,terbang,jurus,,,,,,,,,,,,,,,,,,,,,,,,,,,,,,,,,,,,,,
piihan,utama,pulang,pergi,surabaya,jakarta,nyaman,fasilitas,hibur,tv,games,anakanak,pergi,jakarta,landing,halim,salah,nilai,pilih,,,,,,,,,,,,,,,,,,,,,,,,,,,,,,,
terbang,low,budget,indonesia,layan,batas,sedia,makan,terbang,jual,makan,ringan,keripik,kentang,snack,mineral,soft,drink,dll,kursi,oke,ruang,kaki,cm,kaki,muat,kursi,layan,kru,bagus,layan,anggar,rendah,terbang,layan,batas,layan,,,,,,,,,,,,,
izin,gitar,barang,bawa,kerumit,bintang,paham,nilai,instrumen,fakta,bawa,pengaruh,tumpang,,,,,,,,,,,,,,,,,,,,,,,,,,,,,,,,,,,,,
besar,kunjung,bagus,jalan,bisnis,senang,murah,bagasi,tiket,biaya,rendah,bagus,,,,,,,,,,,,,,,,,,,,,,,,,,,,,,,,,,,,,,
tawar,harga,murah,manajemen,lambat,bagus,keluh,tawar,harga,murah,bagasi,,,,,,,,,,,,,,,,,,,,,,,,,,,,,,,,,,,,,,,
utama,kualitas,saing,berat,garuda,segi,fasilitas,layan,in,flight,entertainment,lengkap,sedia,makan,layan,fa,harga,lumayan,mahal,kelas,ekonomi,banding,kualitas,,,,,,,,,,,,,,,,,,,,,,,,,,,
murah,bangkok,pergi,krabi,menit,bus,malam,tuhan,rekomendasi,beli,tiket,pergi,krabi,bus,kabin,ramah,kursi,bagus,,,,,,,,,,,,,,,,,,,,,,,,,,,,,,,,
berita,delay,nyata,minta,tumpang,banyaaakk,banget,simpul,terbang,ekonomis,,,,,,,,,,,,,,,,,,,,,,,,,,,,,,,,,,,,,,,,
diskon,besar,ribu,jalan,sedia,berangkat,maghrib,delaynya,check,in,cepat,,,,,,,,,,,,,,,,,,,,,,,,,,,,,,,,,,,,,,,
pilih,direct,sub,pku,direct,bagasi,bayar,rasa,ubah,lambat,boarding,lambat,nunggu,bagasi,cepat,layan,kru,sengsara,duduk,bandara,tuju,penuh,muter,muter,langit,bayar,efficiency,banding,transit,kalo,sub,pku,direct,flight,,,,,,,,,,,,,,,,
beli,tiket,harga,murah,pilih,lambat,lambat,terbang,,,,,,,,,,,,,,,,,,,,,,,,,,,,,,,,,,,,,,,,,,
mes,agen,tur,diethelm,bangkok,boarding,jalan,cepat,mudah,staf,makan,jalan,lionpura,ruang,duduk,kaki,terbang,pulang,,,,,,,,,,,,,,,,,,,,,,,,,,,,,,,,
pilih,harga,jangkau,pribadi,berat,terbang,terbang,singkat,bandung,yogyakarta,sekitat,menit,tempuh,asa,hibur,baca,daerah,bikin,kantong,bocor,,,,,,,,,,,,,,,,,,,,,,,,,,,,,,
pilih,terbang,siang,ujung,pandang,jayapura,bantu,nyaman,majalah,deret,kursi,adamakanan,saji,lumayan,nasi,kering,panas,tumpang,tawar,minum,tambah,teh,kopi,panas,,,,,,,,,,,,,,,,,,,,,,,,,,
coba,bandara,yogyakarta,international,airport,wates,kulonprogo,progres,bangun,,,,,,,,,,,,,,,,,,,,,,,,,,,,,,,,,,,,,,,,,
coba,rekomendasi,teman,kursi,luas,nyaman,jalan,pulang,pergi,sbyjktsby,kursi,luas,nyaman,tepat,lebih,on,time,sesuai,boarding,tiket,,,,,,,,,,,,,,,,,,,,,,,,,,,,,,
coba,mes,bayar,online,mes,promo,terbang,tunggal,euro,bayar,indomaret,lokal,kwitansi,checkin,pikir,lelucon,bayar,biaya,tambah,yah,terbang,layak,,,,,,,,,,,,,,,,,,,,,,,,,,,,
ambil,terbang,bandara,changi,lionpura,bandara,soekarno,hatta,jakarta,tunggu,taksi,benarbenar,buruk,malam,taksi,dapat,keluh,mogok,taksi,jakarta,kenal,macet,parah,mud,keren,manuver,lintas,macet,suruh,jemput,terbang,berangkat,jalan,bebas,hambat,beda,bandara,,,,,,,,,,,,,
awal,pagi,terbang,terbang,balikpapan,banjarmasin,on,time,,,,,,,,,,,,,,,,,,,,,,,,,,,,,,,,,,,,,,,,,,
jasa,transportasi,airline,oke,kog,malindo,oke,pesawat,bersih,on,time,entertaint,oke,laa,lupa,bawa,ear,phone,dapet,roti,mineral,,,,,,,,,,,,,,,,,,,,,,,,,,,,,
coba,tawar,layan,efisien,delay,layan,efisien,terbang,lancar,,,,,,,,,,,,,,,,,,,,,,,,,,,,,,,,,,,,,,,,,
harap,angkut,anggar,kejut,sentuh,tawar,makan,ringan,bagasi,checkin,beda,timbang,terbang,terbang,berangkat,interior,kabin,,,,,,,,,,,,,,,,,,,,,,,,,,,,,,,,,
nikmat,terbang,jogja,jakarta,segi,tepat,terbang,nyaman,cuaca,cerah,torbulance,ife,fungsi,landing,smooth,puas,bang,,,,,,,,,,,,,,,,,,,,,,,,,,,,,,,,,
nikmat,jalan,jogja,berangkat,pagi,on,schedule,cuaca,cerah,terbang,smooth,take,off,landing,makan,standart,roti,straberry,mineral,ml,harga,murah,banding,fasilitas,banding,rekomended,,,,,,,,,,,,,,,,,,,,,,,,
terbang,murah,harap,fasilitas,alami,layan,penuh,bagus,bayar,percaya,dengar,rekam,jejak,selamat,pergi,jakarta,khawatir,darat,utuh,aman,celaka,percaya,outlier,normal,pramugari,cantik,nyonya,rumah,sempurna,,,,,,,,,,,,,,,,,,,,,
ibukota,nikmat,transit,menu,kabin,snack,makan,berat,overall,muas,kursi,tepat,hibur,kabin,fungsi,,,,,,,,,,,,,,,,,,,,,,,,,,,,,,,,,,,
bagus,delay,tiket,pramugari,cantik,tampan,senyum,bantu,ambil,bagasi,kabin,,,,,,,,,,,,,,,,,,,,,,,,,,,,,,,,,,,,,,,
senang,terbang,rangka,tugas,berangkat,bal,bandara,samarinda,apt,pranoto,delay,pulang,samarinda,delay,menit,buruburu,krisna,the,keranjang,muter,bandara,ngurah,rai,saji,filmfilm,sukses,tayang,bioskop,terbang,menit,snack,teh,panas,tem,jalan,sekalihehehe,pergi,bal,pakai,,,,,,,,,,,
terbang,biaya,rendah,jalan,senang,nyaman,pilih,,,,,,,,,,,,,,,,,,,,,,,,,,,,,,,,,,,,,,,,,,,
rasa,hangat,layan,khas,jalan,tujuh,pagi,sore,transit,senang,layan,kabin,bagus,menu,makan,saji,hibur,dalam,jalan,singkat,pas,jalan,nikmat,layan,ife,saji,makan,tarik,,,,,,,,,,,,,,,,,,,,,,
rasa,kelas,bisnis,lumayan,bagus,sama,plat,merah,kelas,ekonomi,nyaman,spacenya,nyaman,layar,tvnya,alangkah,makan,panas,kabin,bersih,kl,salah,kursi,leather,seat,kain,suka,,,,,,,,,,,,,,,,,,,,,,,
rasa,sensasi,terbang,burung,besi,tiket,sahabat,terbang,bandara,soetta,bandara,minangkabaupadang,terbang,malam,,,,,,,,,,,,,,,,,,,,,,,,,,,,,,,,,,,,
kenal,terbang,delay,terbang,berangkat,sungguh,baik,service,apresiasi,,,,,,,,,,,,,,,,,,,,,,,,,,,,,,,,,,,,,,,,,
group,milik,manajemen,beda,layan,bagus,imbang,garuda,harga,jangkau,pramugari,ramah,custom,kebaya,khas,indonesia,puas,,,,,,,,,,,,,,,,,,,,,,,,,,,,,,,,,
terbang,biaya,rendah,rute,sedia,layar,pribadi,film,program,hibur,dalam,saji,makan,ringan,gratis,,,,,,,,,,,,,,,,,,,,,,,,,,,,,,,,,,,
group,group,moga,tepat,terbang,ikut,delay,,,,,,,,,,,,,,,,,,,,,,,,,,,,,,,,,,,,,,,,,,,
jalan,singat,layan,kelas,bisnis,muas,check,in,prioritas,lounge,eksekutif,layan,antar,tugas,ruang,tunggu,ruang,kaki,kursi,kelas,bisnis,nyaman,lebar,sayang,makan,muas,terbang,singkat,,,,,,,,,,,,,,,,,,,,,,
milik,terbang,singkat,interior,bersih,staf,senang,manfaat,bal,menit,bagus,staf,darat,bantu,gadis,nama,nym,bantu,mesan,menit,pilih,,,,,,,,,,,,,,,,,,,,,,,,,,,,,
tumpang,untung,ngalamin,nama,delay,layan,buruk,terbang,domestik,semarang,jakarta,jalan,lancar,duduk,keras,maklum,kelas,ekonomi,puas,,,,,,,,,,,,,,,,,,,,,,,,,,,,,,,
terbang,ambil,pakai,harga,sahabat,alas,ramah,budget,fasilitas,ekonomis,layan,pramugari,ramah,bantu,andal,harga,selamat,tumpang,salut,peduli,tarif,rakyat,moga,depan,pelopor,layan,fasilitas,super,prima,harga,ekonomis,,,,,,,,,,,,,,,,,,,
lcc,baik,indonesia,peduli,tumpang,bandara,checkin,menit,jalan,bisnis,kantor,gerbang,bandara,checkin,terbang,tutup,checkin,kantor,diri,bicara,bawa,kantor,bantu,checkin,jaga,duduk,kantor,bantu,kerja,terima,kasih,,,,,,,,,,,,,,,,,,,
murah,nyaman,free,makan,minum,lcd,nonton,contains,game,tv,show,music,gak,bau,layan,muas,,,,,,,,,,,,,,,,,,,,,,,,,,,,,,,,,,
murah,bayar,us,jalan,bal,lionpura,transit,jakarta,embelembel,bawa,minum,makan,boeing,er,layak,ruang,kaki,apaapa,pramugari,ramah,terbang,boeing,nilai,baik,uang,,,,,,,,,,,,,,,,,,,,,,,,,
bandara,layar,berangkat,terbang,,,,,,,,,,,,,,,,,,,,,,,,,,,,,,,,,,,,,,,,,,,,,,
bagus,bagus,sih,dibandingin,udah,bagus,terbang,gatau,online,tiket,boardingpass,terbang,beda,menit,tp,its,ok,for,me,sih,takut,buru,tp,overall,bagus,dalam,bagus,bersih,nyaman,flight,attendant,ramah,nice,,,,,,,,,,,,,,,,,
surabaya,jakarta,delay,menit,layan,pramugari,is,the,best,landing,cengkerang,gak,is,the,best,apa,butuh,bantu,bagus,,,,,,,,,,,,,,,,,,,,,,,,,,,,,,,
nice,tuju,banjarmasin,soekarno,hatta,berangkat,berangkat,moga,next,bagasi,free,sayang,saran,bagasi,free,bagasi,free,thanks,,,,,,,,,,,,,,,,,,,,,,,,,,,,,,,,
nopember,sempat,armada,grup,pergi,jalan,lombok,boeing,jt,jalan,lambat,menit,jadwal,untung,acara,bisnis,rugi,kabin,bagasi,koper,ukur,masuk,kabin,toilet,,,,,,,,,,,,,,,,,,,,,,,,,,
nyaman,baget,ramah,kantong,layan,baik,awak,makan,delay,suka,sih,hibur,tv,bersih,oke,,,,,,,,,,,,,,,,,,,,,,,,,,,,,,,,,,,
on,time,flight,terbang,singa,udara,,,,,,,,,,,,,,,,,,,,,,,,,,,,,,,,,,,,,,,,,,,,
on,time,layan,check,in,ramah,cepat,bagasi,beli,beli,counter,mahal,bagasi,beli,online,lebih,bahas,kilo,kena,charge,denpasar,tunggu,bis,jemput,arrival,terminal,menit,,,,,,,,,,,,,,,,,,,,,,,
on,time,layan,ramah,snack,harga,jangkau,cabin,bersih,take,off,landing,lumayan,smooth,,,,,,,,,,,,,,,,,,,,,,,,,,,,,,,,,,,,
over,all,puas,harga,relatif,jangkau,pramugari,banyak,muda,dapet,snack,multimedia,operasi,alas,ganggu,cuaca,,,,,,,,,,,,,,,,,,,,,,,,,,,,,,,,,,
terbang,suguh,layan,full,service,makan,minum,gratisifedan,leg,room,lega,,,,,,,,,,,,,,,,,,,,,,,,,,,,,,,,,,,,,,,
pagi,on,time,sebentar,udara,tuju,kendala,jalan,kemarin,hibur,multi,media,lancar,nyaman,,,,,,,,,,,,,,,,,,,,,,,,,,,,,,,,,,,,
layan,lombok,jakarta,kondisi,bersih,tugas,ramah,bantu,bawa,anak,,,,,,,,,,,,,,,,,,,,,,,,,,,,,,,,,,,,,,,,
layan,muas,terbang,on,time,harga,saing,snack,terbang,leg,room,luas,nyaman,banding,saudara,,,,,,,,,,,,,,,,,,,,,,,,,,,,,,,,,,,
layan,on,flight,bagus,banget,ramah,welcom,banget,pramugari,mudah,senyum,cooperatif,terminal,airport,sukarno,hatta,worth,it,lahmakanan,seh,lumayan,not,bad,,,,,,,,,,,,,,,,,,,,,,,,,,,
layan,pramugari,ramah,bantu,tepat,isu,utama,tolerir,lelah,terbang,transit,pilih,pergi,harga,jangkau,,,,,,,,,,,,,,,,,,,,,,,,,,,,,,,,,,,
layan,prima,fasilitas,layar,lcd,kursi,cat,siap,headset,masingmasing,makan,minum,pramugari,ramah,tanggap,bersih,,,,,,,,,,,,,,,,,,,,,,,,,,,,,,,,,,
layan,ramah,cepat,proffesional,awak,kabin,ramah,bantu,free,bagasi,is,most,important,pancing,lintas,pulau,snacks,airbus,entertainment,duduk,salah,recomended,airline,biaya,murah,traveller,,,,,,,,,,,,,,,,,,,,,,,,
layan,bagus,terbang,hibur,terbang,terbang,bantu,hilang,bosan,,,,,,,,,,,,,,,,,,,,,,,,,,,,,,,,,,,,,,,,,
layan,delay,sering,rekomendasi,terbang,low,cost,carrier,tiket,murah,makan,sedia,pesawat,untung,beli,ngtidak,,,,,,,,,,,,,,,,,,,,,,,,,,,,,,,,,,
layan,cek,in,muas,cepat,boarding,menit,delay,layan,ramah,bantu,sayang,pas,kemarin,tvnya,ganggu,,,,,,,,,,,,,,,,,,,,,,,,,,,,,,,,,,
layan,lebih,bagasi,tugas,counter,lebih,bagasi,sila,keluar,masuk,bagasi,bayar,mahal,keren,,,,,,,,,,,,,,,,,,,,,,,,,,,,,,,,,,,,
layan,bagus,alami,lambat,hati,koper,lupa,embok,antisipasi,barang,hilang,,,,,,,,,,,,,,,,,,,,,,,,,,,,,,,,,,,,,,,
layan,tugas,ramah,senang,dah,pokok,terbang,lionairterutama,beli,tiket,mudah,ribetsiiiiiiiiiiip,banget,,,,,,,,,,,,,,,,,,,,,,,,,,,,,,,,,,,,,
mesan,online,checkin,online,terbang,nyaman,terbang,baikbaik,proses,mimpi,gugup,hubung,terbang,internal,khawatir,andai,operator,eropa,efisien,,,,,,,,,,,,,,,,,,,,,,,,,,,,,,,
mesan,online,mudah,checkin,terbang,datang,don,muang,klaim,bagasi,jatah,bagasi,asia,ruang,kursi,batas,terbang,domestik,,,,,,,,,,,,,,,,,,,,,,,,,,,,,,,,
terbang,sdh,utk,boarding,murah,bawa,barang,bayar,,,,,,,,,,,,,,,,,,,,,,,,,,,,,,,,,,,,,,,,,,
terbang,jalan,airbus,teknis,baikbaik,ruang,staf,ramah,makan,lezat,,,,,,,,,,,,,,,,,,,,,,,,,,,,,,,,,,,,,,,,
terbang,alhamdulillah,reputasi,kenal,layan,tangkas,sesuai,butuh,proses,darat,keras,guncang,,,,,,,,,,,,,,,,,,,,,,,,,,,,,,,,,,,,,,
terbang,lowcost,carrier,layan,normal,gantung,jarak,tuju,bagasi,time,schedule,,,,,,,,,,,,,,,,,,,,,,,,,,,,,,,,,,,,,,,
terbang,halim,enak,ruang,tunggu,musholla,luas,suara,informasi,terbang,keras,lumayan,delay,tv,kursi,ganggu,nyaman,terbang,hilang,titik,api,charge,hp,,,,,,,,,,,,,,,,,,,,,,,,,,,
terbang,delay,akibat,bandara,halim,latih,militer,batas,wajar,kondisi,kursi,lega,hibur,jalan,snack,mineral,layan,ramah,,,,,,,,,,,,,,,,,,,,,,,,,,,,,,,,
terbang,muas,rute,terbang,halim,perdanakusuma,adi,sutjipto,krew,kabin,ramah,,,,,,,,,,,,,,,,,,,,,,,,,,,,,,,,,,,,,,,
terbang,rutin,berangkat,jakarta,singapore,tempuh,menit,salah,budget,ontime,bersih,duduk,sedia,monitor,acara,film,informasi,snack,mineral,terbang,jarak,pendek,pilih,budget,relatif,murah,baik,budget,fair,airlines,,,,,,,,,,,,,,,,,,,,
terbang,jogja,bandung,wings,group,terbang,bandung,delay,fasilitas,ada,terbang,low,cost,bagus,,,,,,,,,,,,,,,,,,,,,,,,,,,,,,,,,,,,
terbang,cgk,upg,ontime,berangkat,fasilitas,masingmasing,bangku,sedia,avod,hibur,film,musik,main,anakanak,lupa,bawa,headset,free,makan,terbang,pagi,nasi,udukbihun,goreng,plus,roti,amdk,puasa,ganti,buah,roti,halus,landing,take,off,jalan,muas,,,,,,,,,,,,
terbang,jakarta,tuju,denpasar,jt,tepat,libur,lebaran,jadwal,berangkat,terbang,aman,nyaman,denpasar,bal,selamat,,,,,,,,,,,,,,,,,,,,,,,,,,,,,,,,,,
terbang,palembang,surabaya,delay,layan,bagus,terbang,,,,,,,,,,,,,,,,,,,,,,,,,,,,,,,,,,,,,,,,,,,
terbang,jurus,cgkdtb,senang,jadwal,ontime,jalan,senang,makan,banding,si,biru,satu,,,,,,,,,,,,,,,,,,,,,,,,,,,,,,,,,,,,,
terbang,alam,terbang,image,jelek,molor,moga,tepat,tular,grup,,,,,,,,,,,,,,,,,,,,,,,,,,,,,,,,,,,,,,,,
terbang,senang,samping,layan,ramah,media,hibur,makan,enakrecommendedwalau,jujur,harga,mahal,worth,it,banget,,,,,,,,,,,,,,,,,,,,,,,,,,,,,,,,,,,
terbang,beda,terbang,group,ramah,pramugari,tepat,fasilitas,hibur,,,,,,,,,,,,,,,,,,,,,,,,,,,,,,,,,,,,,,,,,
terbang,biaya,murah,delay,apaapa,erupsi,gunung,agung,pilih,seat,belah,pintu,darurat,,,,,,,,,,,,,,,,,,,,,,,,,,,,,,,,,,,,,
terbang,boeing,er,pklfu,terbang,jadwal,berangkat,reschedule,boarding,overall,oke,standar,bagasi,awak,kabin,ramah,boleh,foto,foto,total,durasi,menit,sesuai,harga,checkin,jalan,tingkat,bersih,kabin,baik,reclining,seat,,,,,,,,,,,,,,,,,,
terbang,manado,jayapura,transit,sorong,terbang,normal,layan,makan,harga,tiket,murah,landing,sorong,jayapura,nyaman,banting,smooth,,,,,,,,,,,,,,,,,,,,,,,,,,,,,,,,
terbang,nyaman,kecuali,kendala,bandara,bandara,halim,perdana,kusuma,jakarta,vvip,tni,au,latih,terbang,komersial,kalah,crew,ramah,sahabat,salah,pilih,pergi,sayang,hibur,jalan,tv,,,,,,,,,,,,,,,,,,,,,,,
terbang,dada,pilih,bagasi,minum,potong,kue,lumayan,bikin,hibur,sayang,monitor,kursi,fungsi,entertainmentnya,bagus,tepat,terbang,top,banget,on,time,on,schedule,,,,,,,,,,,,,,,,,,,,,,,,,,
terbang,id,destinasi,jakarta,pekanbaru,malam,urus,bisnis,alhamdulillah,akses,web,checkin,mudah,lancar,dating,boarding,butuh,tunggu,alhamdulillah,layan,ground,service,,,,,,,,,,,,,,,,,,,,,,,,,,,,
terbang,jalan,lancar,milik,alam,orangorang,delay,terbang,beda,usaha,airasia,garuda,baik,sistem,harga,beda,jarak,pendek,kursi,kak,tuju,upaya,sayap,udara,tutup,bidangruang,,,,,,,,,,,,,,,,,,,,,,,,
terbang,penuh,harap,bagusion,,,,,,,,,,,,,,,,,,,,,,,,,,,,,,,,,,,,,,,,,,,,,,
terbang,ganti,terbang,murah,pes,asia,tarung,kl,kl,bkk,via,melindo,beda,siang,malam,terbang,tarung,murah,ceria,ruang,leg,melindo,mitra,ruang,kaki,layak,kursi,nyaman,makan,potong,pizza,saji,kotak,kardus,,,,,,,,,,,,,,,,
terbang,tingkat,layan,dua,muat,bagasi,bawa,makan,ringan,kursi,terbang,sempurna,,,,,,,,,,,,,,,,,,,,,,,,,,,,,,,,,,,,,,
terbang,terbang,perdana,tiket,li,pergi,pulang,beda,layan,bagus,senang,muas,layan,check,in,pasuk,terbang,yah,ramah,sikap,sopan,alami,beda,terima,kasih,crew,ramah,layan,moga,terbang,,,,,,,,,,,,,,,,,,,,
terbang,terbang,buruk,terbang,on,time,,,,,,,,,,,,,,,,,,,,,,,,,,,,,,,,,,,,,,,,,,,,
terbang,murah,bagasi,pikir,biaya,tambah,staf,bagus,,,,,,,,,,,,,,,,,,,,,,,,,,,,,,,,,,,,,,,,,,
terbang,sesuai,jadwal,pramugari,margiyantimargianti,eja,henti,senyum,peduli,bantu,rawat,tamu,sabar,pramugari,baik,terbang,,,,,,,,,,,,,,,,,,,,,,,,,,,,,,,,,,
terbang,nyaman,tepat,takeoff,landing,bilang,sesuai,jadwal,,,,,,,,,,,,,,,,,,,,,,,,,,,,,,,,,,,,,,,,,,
terbang,semarang,terbang,pagi,proses,cek,tuju,terbang,untung,sayang,bawa,tas,masuk,bagasi,konter,cek,in,bagasi,terbang,sebentar,jalan,nikmat,entertainment,tv,kursi,tonton,film,makan,roti,botol,mineral,lumayan,kenyang,terima,kasih,jalan,semarang,lancar,,,,,,,,,,,,
terbang,bandara,soetta,koper,jebol,retsletingnya,pakai,untung,barang,hilang,isi,pakai,dalam,murah,seringkali,layan,buruk,,,,,,,,,,,,,,,,,,,,,,,,,,,,,,,,,
terbang,arah,timur,senang,view,indah,terbang,dps,labu,bako,menit,layan,crew,ramah,cekat,hadap,tumpang,agam,terbang,tenang,guncang,ringan,senang,terbang,labu,bajo,,,,,,,,,,,,,,,,,,,,,,,,
terbang,bal,rangka,libur,keluarga,labu,bajo,alami,senang,transit,bal,ganti,pindah,begasi,labu,bajo,tunggu,,,,,,,,,,,,,,,,,,,,,,,,,,,,,,,,,
terbang,semarang,pergi,pilih,terbang,grup,service,fasilitas,nyaman,jalan,gak,asa,qt,nonton,denger,musik,tv,layar,sentuh,sedia,landing,asa,smooth,tumpang,ibuibu,teriak,landing,landas,bandara,yani,kendala,pilot,moga,depan,kapok,,,,,,,,,,,,,,,
terbang,bisnis,salah,premium,group,layananya,bagus,penerbanganya,nyaman,ruang,kaki,luas,hahhaaa,terbang,malam,turbulensi,landignya,smooth,,,,,,,,,,,,,,,,,,,,,,,,,,,,,,,,
terbang,kelas,ekonomi,lionpura,bangkok,bandara,internasional,don,mueang,pilih,tarif,murah,tiket,jalan,mesan,menit,checkin,terminal,bandara,changi,cepat,terbang,berangkat,selamat,bandara,dmk,milik,jatah,bagasi,gratis,tawar,biskuit,senang,alam,suka,,,,,,,,,,,,,,,
terbang,kelas,ekonomi,murah,cocok,kantong,golong,tegah,bawah,layan,ramah,nyaman,,,,,,,,,,,,,,,,,,,,,,,,,,,,,,,,,,,,,,
terbang,klasik,jalan,yogyakarta,padang,terbang,mulus,mulus,awak,kabin,muncul,lorong,nongkrong,tirai,adil,layan,arah,selamat,tidur,milik,kursi,ruang,kaki,sempit,industri,butuh,encang,kaki,kursi,muat,terbang,murah,bagasi,jet,modern,buruk,,,,,,,,,,,,,,
terbang,lancartidak,delayhanya,proses,boarding,gerbang,pintu,tertatakarena,antri,rapi,,,,,,,,,,,,,,,,,,,,,,,,,,,,,,,,,,,,,,,,
terbang,surabaya,sanya,rute,jakarta,terbang,airport,juanda,int,terminal,surabaya,jarak,tempuh,an,layan,bagus,pramugari,responsif,check,in,biasa,,,,,,,,,,,,,,,,,,,,,,,,,,,,,
terbang,bandar,aceh,jakarta,sincgk,sempat,alami,negatif,aneh,terbang,ulas,salah,kadangkadang,terbang,anggar,hitandmiss,tarif,anggar,kontrol,biaya,layan,standar,patok,bayar,jalan,terbang,empat,kosong,ganti,kursi,duduk,bandara,changi,berangkat,pilih,kursi,suka,bayar,dasar,terbang,jarak,pendek,tarif,rendah,puas,,,,,
terbang,pagi,tuju,denpasar,nyaman,dingin,udara,kabin,panas,sekalitetapi,pramugari,ramah,jalan,bal,on,time,,,,,,,,,,,,,,,,,,,,,,,,,,,,,,,,,,
terbang,low,cost,milik,terbang,tawar,pilih,harga,ramah,murah,pilih,lumayan,pilih,rasa,banyak,complain,delay,compensasi,layak,plihan,saing,harga,jadwal,terbang,perlu,masyarakat,service,ok,landing,smooth,,,,,,,,,,,,,,,,,,,,
terbang,malam,surabaya,ontimepada,kursi,tumpang,fulltetapi,dingin,udara,kabin,penastetapi,pramugari,ramah,,,,,,,,,,,,,,,,,,,,,,,,,,,,,,,,,,,,,
terbang,malang,jakarta,pilih,pagi,sungguh,tarik,terbang,cuaca,cerah,jadi,nyaman,sendiri,bersih,nyaman,tambah,sempurna,jalan,berangkat,beli,tiket,siap,telpon,call,center,bantu,pesan,call,center,tiket,tinggal,ambil,cs,bandara,,,,,,,,,,,,,,,,
terbang,murah,bagus,lemah,utama,layan,delay,delay,terbang,kursi,nyaman,,,,,,,,,,,,,,,,,,,,,,,,,,,,,,,,,,,,,,,
terbang,murah,layan,ok,duduk,pria,beli,makan,goog,kapal,,,,,,,,,,,,,,,,,,,,,,,,,,,,,,,,,,,,,,,,
terbang,nam,batal,bandara,pagi,basabasi,arah,kantor,layan,langgan,butuh,bandara,alami,banjir,tropis,staf,sopan,rajin,tumpang,bawa,terbang,kacau,terbang,delay,badai,tibatiba,staf,milik,tenang,profesionalisme,tanding,luas,terbang,pramugari,tingkat,kursi,nyaman,selesai,,,,,,,,,,,,
terbang,nyaman,bagasi,snack,terbang,suasana,ramai,libur,lebaran,layan,nyaman,,,,,,,,,,,,,,,,,,,,,,,,,,,,,,,,,,,,,,,
terbang,malam,take,off,udara,landing,lancar,mulus,tawar,wifi,gratis,tumpang,nikmat,hibur,terbang,menit,,,,,,,,,,,,,,,,,,,,,,,,,,,,,,,,,,
terbang,pagi,ibukota,tunggu,bandara,dinihari,cek,lancar,mudah,layan,bagasi,bagus,berangkat,sesuai,jadwal,pilot,awak,kabin,layan,puas,singa,merah,,,,,,,,,,,,,,,,,,,,,,,,,,,,
terbang,pagi,jt,banjarmasin,surabaya,layan,nyaman,pandang,eksotis,terbit,matahari,bandara,suara,cerah,tani,awan,indah,jalan,masya,allah,alhamdulillah,selamat,bandara,juanda,surabaya,selamat,nikmat,jalan,allah,rabbul,aziz,aamiin,,,,,,,,,,,,,,,,,,
terbang,pagi,relatif,on,time,parkir,bandara,tunggu,,,,,,,,,,,,,,,,,,,,,,,,,,,,,,,,,,,,,,,,,,
terbang,pagi,on,time,pindah,delay,ribet,bagasi,,,,,,,,,,,,,,,,,,,,,,,,,,,,,,,,,,,,,,,,,,
terbang,sore,harap,delay,akumulasi,delay,jadwal,terbang,checkin,kacau,bandara,batam,hasil,pikul,pikir,drum,rolls,ta,dum,ta,dum,terbang,umum,delay,operasi,teknis,harap,delay,umum,bwahaha,delay,tebak,ekor,anjing,milik,hari,,,,,,,,,,,,,,
terbang,tanggal,kesan,take,off,darat,hlp,menit,jadwal,terimakasih,kapten,erti,rindu,rumah,,,,,,,,,,,,,,,,,,,,,,,,,,,,,,,,,,,,
terbang,tanggal,des,lombok,senang,harga,jangkau,budget,layan,terbang,lombok,nyaman,ramah,crew,pilih,terbang,,,,,,,,,,,,,,,,,,,,,,,,,,,,,,,,,,
terbang,biaya,murah,plus,snack,pesawat,pakai,banding,saudara,tambah,biaya,mendpatkan,nyaman,tepat,terbang,,,,,,,,,,,,,,,,,,,,,,,,,,,,,,,,,,,
terbang,pekan,wib,berangkat,sayang,loading,bagasi,tunggu,menit,sesuai,,,,,,,,,,,,,,,,,,,,,,,,,,,,,,,,,,,,,,,,
terbang,jauh,tokyo,ber,kalikali,take,off,landing,transit,ganti,hehehehe,so,far,so,good,in,flight,entertainmentnya,idup,,,,,,,,,,,,,,,,,,,,,,,,,,,,,,,
terbang,bagus,makan,minum,bayar,semuapenerbangan,tumben,on,timedan,smooth,take,off,landing,,,,,,,,,,,,,,,,,,,,,,,,,,,,,,,,,,,,,
terbang,alam,terbang,tingkat,harga,bayar,puas,dapat,,,,,,,,,,,,,,,,,,,,,,,,,,,,,,,,,,,,,,,,,,
terbang,sesuai,jadwal,terbang,kondisi,lepas,landas,darat,sempurna,tunggu,datang,bagasi,makan,,,,,,,,,,,,,,,,,,,,,,,,,,,,,,,,,,,,,
terbang,sekian,servicenya,kecewa,kemarin,alami,delay,faktor,cuaca,hujan,angin,tumpang,jalan,boarding,room,tugas,info,ricuh,good,job,moga,depan,,,,,,,,,,,,,,,,,,,,,,,,,,,,
terbang,asi,servis,bagus,ramah,on,time,pas,terbang,ife,inflight,entertainment,nyala,selurah,bayar,servis,muas,thank,you,,,,,,,,,,,,,,,,,,,,,,,,,,,,,,,
terbang,senang,full,hibur,maskapi,jgn,lupa,bawa,earphone,pinjam,earphone,jual,terbang,tumpang,snack,nasimiesejenisnya,,,,,,,,,,,,,,,,,,,,,,,,,,,,,,,,,,
terbang,naik,jakarta,palembangwaktunya,ontime,layan,boardingnya,lancar,harga,tiket,sesuai,layan,low,cost,,,,,,,,,,,,,,,,,,,,,,,,,,,,,,,,,,,,
terbang,jalan,nyaman,layan,darat,lembut,senang,,,,,,,,,,,,,,,,,,,,,,,,,,,,,,,,,,,,,,,,,,,
terbang,senang,sempet,delay,kadang,pramugari,senyum,segi,duduk,lumayan,nyaman,recomended,guna,kelas,ekonomi,kali,jasa,transportasi,udara,,,,,,,,,,,,,,,,,,,,,,,,,,,,,,,
terbang,nyaman,pergi,dinas,alas,servis,muas,jadwal,terbang,variasi,jadwal,tambah,menu,servis,in,flight,,,,,,,,,,,,,,,,,,,,,,,,,,,,,,,,,,
terbang,bagus,take,off,terbang,darat,nikmat,terbang,delay,terbang,menit,layan,awak,kabin,bagus,,,,,,,,,,,,,,,,,,,,,,,,,,,,,,,,,,,
terbang,kenal,lambat,terbang,terbang,layan,ubah,ambil,bagasi,bandara,jog,kejut,menit,tunggu,tas,ban,jalan,,,,,,,,,,,,,,,,,,,,,,,,,,,,,,,,,
terbang,nyaman,transit,terburuburu,makan,saji,sedia,kapas,terbang,ganggu,telinga,terbang,sedia,,,,,,,,,,,,,,,,,,,,,,,,,,,,,,,,,,,,,
terbang,singkat,kru,ramah,senyum,lebardan,suka,demonstrasi,selamat,hidup,suka,bicara,andajika,indonesia,seragam,pramugari,cantik,,,,,,,,,,,,,,,,,,,,,,,,,,,,,,,,,
alam,senang,turbo,prop,fyling,soq,bxb,pandang,takjub,benua,papua,barat,sisi,garis,pantai,sisi,alam,senang,sopan,profesionalisme,hadir,terbang,,,,,,,,,,,,,,,,,,,,,,,,,,,,
alam,semarang,surabaya,balingbaling,tulis,wings,delay,kompensasi,makan,siang,snack,minum,,,,,,,,,,,,,,,,,,,,,,,,,,,,,,,,,,,,,,
alam,konter,checkin,mudah,layan,kabin,ok,khawatir,ruang,kaki,ketat,berat,ratarata,asia,kursi,benarbenar,nyaman,terbang,jalan,jalan,nyaman,milik,ruang,gerak,kaki,anakanak,keluh,duduk,semangat,baikbaik,terbang,arah,,,,,,,,,,,,,,,,,,
alam,bawa,grup,bal,januari,alas,harga,jangkau,seat,sesuai,pilih,biaya,,,,,,,,,,,,,,,,,,,,,,,,,,,,,,,,,,,,,,
alam,banding,domestik,premium,harga,murah,layak,coba,beda,saudara,wings,,,,,,,,,,,,,,,,,,,,,,,,,,,,,,,,,,,,,,,
alam,terbang,senang,schedule,terbang,sesuai,jadwal,layan,ramah,fasilitas,nyaman,bersih,terbang,murah,murah,,,,,,,,,,,,,,,,,,,,,,,,,,,,,,,,,,,
alam,senang,benarbenar,terbang,bersih,rapi,relatif,nyaman,satusatunya,keluh,saji,makan,minum,terbang,jarak,pendek,biar,luncur,,,,,,,,,,,,,,,,,,,,,,,,,,,,,,,,
tingkat,manajemen,lepas,landas,darat,mulussungguhjuga,terima,tamu,checkin,tanggung,ramah,bantu,bandara,terburuburu,trafic,jump,terima,kasih,percaya,,,,,,,,,,,,,,,,,,,,,,,,,,,,,,,
perfect,terbang,on,time,surabaya,lanjut,jalan,batam,kendala,terus,on,time,,,,,,,,,,,,,,,,,,,,,,,,,,,,,,,,,,,,,,
jalal,kupang,jakarta,sengaja,pilih,fasilitas,inflight,entertainment,nyata,pasuk,kecewa,fasilitas,inflight,entertainment,usb,tumpang,pramugari,fasilitas,pasang,pesawat,terbang,segi,fasilitas,oke,layan,ramah,jarak,kursi,lumayan,luas,terbang,jarak,makan,terbang,lumayan,pilih,,,,,,,,,,,,,,
jalan,mudah,fasilitas,unggul,jamin,nyaman,saat,pergi,besama,teman,keluarga,,,,,,,,,,,,,,,,,,,,,,,,,,,,,,,,,,,,,,,
jalan,jogjapadang,wib,lambat,cuaca,hujan,,,,,,,,,,,,,,,,,,,,,,,,,,,,,,,,,,,,,,,,,,,,
jalan,kupang,jakarta,manja,hibur,dlam,makan,minum,pilih,belanja,katalog,oleholeh,,,,,,,,,,,,,,,,,,,,,,,,,,,,,,,,,,,,,,
jalan,manokwari,bandara,soekarno,hatta,jakarta,terbang,non,stop,nyaman,,,,,,,,,,,,,,,,,,,,,,,,,,,,,,,,,,,,,,,,
jalan,rute,palu,makassar,senang,layan,awak,darat,awak,kabin,ramah,terbang,rekomendasi,salah,pilih,terbang,jalan,terbang,,,,,,,,,,,,,,,,,,,,,,,,,,,,,,,,
jalan,nyaman,harga,sesuai,dompet,harga,tiket,sahabat,kenal,delaynya,langgan,amuk,pilih,terbang,,,,,,,,,,,,,,,,,,,,,,,,,,,,,,,,,,,,
jalan,bagi,terbang,milik,lebih,bagasi,kena,biaya,terbang,duduk,pintu,darurat,untung,baca,buruk,alam,,,,,,,,,,,,,,,,,,,,,,,,,,,,,,,,,,
jalan,balikpapan,cengkareng,layan,muas,on,time,terbang,makan,darat,mulus,inflight,entertainment,,,,,,,,,,,,,,,,,,,,,,,,,,,,,,,,,,,,,
jalan,surbaya,berangkat,ontime,nyaman,take,off,landing,soft,minim,bentur,hentakan,,,,,,,,,,,,,,,,,,,,,,,,,,,,,,,,,,,,,,
jalan,senang,darat,mulus,pramugari,ramah,bantu,tumpang,alami,sulit,,,,,,,,,,,,,,,,,,,,,,,,,,,,,,,,,,,,,,,,
jalan,hibur,film,game,nikmat,makan,sedia,kenyang,nikmat,jalan,sesuai,harga,bayar,berangkat,jadwal,on,time,,,,,,,,,,,,,,,,,,,,,,,,,,,,,,,,,
jalan,sih,bandung,husein,sastranegara,bandara,kertajati,majalengka,lokasi,trip,advisormohon,update,alam,darat,bandara,kertajati,majalengka,sambut,hujan,badai,darat,aman,,,,,,,,,,,,,,,,,,,,,,,,,,,,
jalan,sdh,dirunway,snack,mineral,monitor,kursi,nonton,videobaca,artikel,bawa,headset,,,,,,,,,,,,,,,,,,,,,,,,,,,,,,,,,,,,,,
jalan,nyaman,walupun,tunggu,bandara,selebinya,suka,,,,,,,,,,,,,,,,,,,,,,,,,,,,,,,,,,,,,,,,,,,
jalan,nyaman,layan,pramugari,murah,senyum,ramah,pindah,duduk,makan,saji,,,,,,,,,,,,,,,,,,,,,,,,,,,,,,,,,,,,,,,
perjalansn,poso,majasar,daoaf,tempuh,menit,asa,layan,darat,ramahstaff,airline,friendlywalaupun,kursi,jalan,singkat,membantuterbaik,,,,,,,,,,,,,,,,,,,,,,,,,,,,,,,,,,
bilang,kenal,skema,frequent,flyer,layak,ikut,layan,,,,,,,,,,,,,,,,,,,,,,,,,,,,,,,,,,,,,,,,,,
kena,delay,garis,layan,lumayan,bagus,harga,murah,banding,rute,,,,,,,,,,,,,,,,,,,,,,,,,,,,,,,,,,,,,,,,
trending,topik,delay,pandai,baik,management,ontime,nyaman,hebat,list,terbang,jadwal,milik,wowsebuah,bukti,raja,kuasa,kelas,ekonomi,paket,hemat,terbang,tanding,hehesalut,management,ekonomi,layan,jujur,butuh,masyarakat,saran,dikit,coba,snack,kece,hehesemangat,sayang,,,,,,,,,,,,,
kal,coba,terbang,operasi,group,garuda,pilih,terbang,harga,jangkau,durasi,terbang,singkat,transit,take,off,mulus,landing,takut,flight,,,,,,,,,,,,,,,,,,,,,,,,,,,,,,
coba,negeri,emang,sih,harga,mahal,worth,it,fasilitas,kursi,nyaman,lumayan,lega,jarak,kursi,free,snacks,media,tv,nonton,filmdengerin,musik,bosen,jalan,,,,,,,,,,,,,,,,,,,,,,,,,,
coba,terbang,muas,fasilitas,garuda,nyaman,duduk,ruang,kaki,lebar,,,,,,,,,,,,,,,,,,,,,,,,,,,,,,,,,,,,,,,,
bal,jogja,reschedule,berangkat,takut,opini,delay,so,far,ontime,banget,sesuai,jadwal,alhamdulillah,tuju,selamat,,,,,,,,,,,,,,,,,,,,,,,,,,,,,,,,,,
coba,kelas,bisnis,service,bagasi,beda,ekonomi,bisnis,awak,ramah,sibuk,canda,terbang,kelas,bisnis,bosanlain,enak,ekonomi,ramai,situasi,bosan,,,,,,,,,,,,,,,,,,,,,,,,,,,,,
nyaman,ruang,kaki,lega,awak,kabin,ramah,kursi,nyaman,sayang,inflight,entertaiment,lengkap,value,for,money,,,,,,,,,,,,,,,,,,,,,,,,,,,,,,,,,,
ganti,harga,beda,kelas,makan,pesawat,hubung,pergi,rangka,dinas,kantor,kecuali,ganti,,,,,,,,,,,,,,,,,,,,,,,,,,,,,,,,,,,,,
nyaman,senang,terbang,kelas,garuda,layan,pramugari,pramugara,ramahdan,snack,jadwal,on,time,delay,,,,,,,,,,,,,,,,,,,,,,,,,,,,,,,,,,,,
harap,terbang,on,time,makan,pilih,hibur,lebih,ekspektasi,,,,,,,,,,,,,,,,,,,,,,,,,,,,,,,,,,,,,,,,,
fasilitas,muas,modern,layan,video,isi,hibur,budaya,berita,dll,lumayan,tani,jalan,snack,tarik,pramugari,sigap,ramah,,,,,,,,,,,,,,,,,,,,,,,,,,,,,,,,
terbang,negeri,pesawat,bagus,layan,makan,ringan,mineral,multi,media,bagus,film,baru,asyik,darat,bandara,klia,,,,,,,,,,,,,,,,,,,,,,,,,,,,,,,,,
terbang,surabaya,terbang,kode,id,pagi,gate,terminal,bandara,soekarnohatta,layan,checkin,jalan,lancar,antri,gate,terbang,jalan,lancar,turbulensi,bangku,lebar,jarak,nyaman,terbang,id,er,airbus,tuju,surabaya,,,,,,,,,,,,,,,,,,,,
terbang,terminal,bingung,sub,terminal,juanda,turun,soetta,banget,lupa,ambil,koper,bagasi,lgsg,lurus,exit,wkwk,alhamdulillah,pintu,exit,bantu,tiket,terbang,flight,snack,sarap,layar,kursi,tumpang,manfaat,film,jalan,,,,,,,,,,,,,,,,,,
kota,besar,kawasan,indonesia,timur,terbang,tara,makassar,tempuh,puluh,menit,layan,standar,biaya,rendah,nyaman,pilih,kursi,nomor,jendela,darurat,ruang,kaki,nyaman,lancar,,,,,,,,,,,,,,,,,,,,,,,,,
rasa,nyaman,terbang,layan,muas,samping,makan,sedia,heehheh,on,time,,,,,,,,,,,,,,,,,,,,,,,,,,,,,,,,,,,,,,,
terbang,terbang,layan,tiket,kabin,ramah,kurang,ac,dinyalakansuhunya,turun,boarding,tumpang,gerah,lainlainnya,ok,,,,,,,,,,,,,,,,,,,,,,,,,,,,,,,,,,,
terbang,berat,dengar,teman,nyaman,getarantetapi,terbang,airhingga,terbang,milik,konsep,murah,aman,nyaman,gambar,tingkat,puas,,,,,,,,,,,,,,,,,,,,,,,,,,,,,,,,,
pertamakali,nikmat,terbang,jalan,surabaya,cengkareng,rekomendasi,karen,nikmat,fasilitas,layar,sentuh,nonton,film,dar,dengar,musik,sembari,isi,battery,hp,,,,,,,,,,,,,,,,,,,,,,,,,,,,,
tarung,layan,terbang,jalan,mulus,,,,,,,,,,,,,,,,,,,,,,,,,,,,,,,,,,,,,,,,,,,,,
tengah,juli,ikut,rapat,bca,jakarta,pilih,terbang,senantiasa,terbang,fasilitas,sedia,konsumsi,nang,terbang,layan,ramah,sopan,pramugari,tekan,tombol,panggil,layan,senyum,sapa,bravo,tahan,terbang,,,,,,,,,,,,,,,,,,,,,,
delay,jadwal,take,off,delay,untung,ruang,tunggu,outdoor,bantu,rubah,mood,,,,,,,,,,,,,,,,,,,,,,,,,,,,,,,,,,,,,,
groups,bagus,jalur,timur,jalur,barat,buruk,jogja,bus,lengkap,layan,bagus,hospitality,rekomendasi,,,,,,,,,,,,,,,,,,,,,,,,,,,,,,,,,,,,
bersih,pramugari,helpful,terbang,murah,tumpang,kotak,isi,roti,mineral,sedia,pilih,tonton,musik,film,game,ruang,kaki,luas,nikmat,,,,,,,,,,,,,,,,,,,,,,,,,,,,,,
duduk,luas,hibur,filmfilm,musik,dll,bagus,makan,dar,minum,snack,dar,harga,mahal,banding,makan,minum,kurang,variasi,,,,,,,,,,,,,,,,,,,,,,,,,,,,,,,
on,time,layan,kabin,tumpang,penuh,bagasi,bawa,darat,ngtidak,nyaman,,,,,,,,,,,,,,,,,,,,,,,,,,,,,,,,,,,,,,,
pilot,muda,alam,msh,kecewa,terbang,jakarta,tara,sdh,dpt,boarding,pass,lengkap,transit,mnt,balikpapan,tumpang,suruh,turun,terminal,balikpapan,banget,sdh,lari,ruang,tunggu,berangkat,eh,sdh,panggil,kursi,trus,fungsi,turun,,,,,,,,,,,,,,,,
pesawat,bagus,layan,ramah,on,time,senang,harga,tiket,jangkau,,,,,,,,,,,,,,,,,,,,,,,,,,,,,,,,,,,,,,,,
pesawat,bagus,pramugari,ramah,bersih,kursi,tv,inflight,magazine,entertainment,makan,halim,perdanakusuma,fasilitas,garbarata,bus,jemput,cepat,,,,,,,,,,,,,,,,,,,,,,,,,,,,,,,,
pesawat,bagus,pramugari,ramah,bersih,no,entertainment,meals,lumayan,oke,berangkat,halim,perdana,kusuma,airport,no,garbarata,facility,overall,recomended,flight,for,safety,,,,,,,,,,,,,,,,,,,,,,,,,,,
pesawat,barusehingga,nyaman,duduk,kursi,lebar,dempet,belah,layan,kru,bandara,oke,,,,,,,,,,,,,,,,,,,,,,,,,,,,,,,,,,,,,,
pesawat,hibur,kasih,snack,nyaman,milik,bagus,banding,wings,,,,,,,,,,,,,,,,,,,,,,,,,,,,,,,,,,,,,,,,,
pesawat,okee,kursi,lebar,layan,sraff,check,in,pramugari,bantu,pulang,pilot,ucap,terimakasih,terima,kasih,,,,,,,,,,,,,,,,,,,,,,,,,,,,,,,,,,
terbang,on,time,jadwal,tuju,jugaakan,parkir,landing,tunggu,turun,,,,,,,,,,,,,,,,,,,,,,,,,,,,,,,,,,,,,,,,
pilih,biaya,rendah,murah,nyaman,terbang,taiwan,terbang,,,,,,,,,,,,,,,,,,,,,,,,,,,,,,,,,,,,,,,,,,
poin,terbang,low,cost,wajar,primadoni,mayoritas,guna,jasa,transportasi,udara,efisiensi,alas,logis,nyaman,staf,ramah,sabar,bantu,tumpang,simpan,bagasi,lemah,delay,pilih,moga,management,baik,management,rapi,primadona,low,costing,primadona,layan,no,delay,more,dilema,,,,,,,,,,,
pramugari,ramah,ramah,makan,harga,jangkau,kursi,lumayan,kelas,ekonomi,wekwek,,,,,,,,,,,,,,,,,,,,,,,,,,,,,,,,,,,,,,,
pramugari,sopan,santun,sedia,bantu,tumpang,usia,kenal,lelah,arah,tumpang,kurang,kabin,tas,besarbesar,,,,,,,,,,,,,,,,,,,,,,,,,,,,,,,,,,,
pramugari,cantik,ramah,jalan,monitor,tonton,film,music,snack,roti,mineral,headset,beli,jadwal,terbang,delay,,,,,,,,,,,,,,,,,,,,,,,,,,,,,,,,,,
proses,check,in,layan,kagum,harga,terbang,laku,tumpang,kelas,,,,,,,,,,,,,,,,,,,,,,,,,,,,,,,,,,,,,,,,
puas,layan,terbang,ontime,benarbenar,indonesia,banget,crew,cabin,nuansa,crew,cabin,ramah,,,,,,,,,,,,,,,,,,,,,,,,,,,,,,,,,,,,,
pulang,lombok,jakarta,take,off,ontime,proses,boarding,harap,ramah,pramugaripramugarinya,layan,tumpang,bagus,excellent,banget,pokok,entertainment,lumayan,hibur,bawa,earphone,beli,pramugari,menu,set,makan,lumayan,layan,depan,,,,,,,,,,,,,,,,,,,,
putri,usia,senang,gembira,tunggu,berangkat,lounge,main,game,nikmat,makan,saji,,,,,,,,,,,,,,,,,,,,,,,,,,,,,,,,,,,,,,
recommended,layan,makan,hibur,mmbuat,nyaman,terbang,free,makan,jugaaa,,,,,,,,,,,,,,,,,,,,,,,,,,,,,,,,,,,,,,,,
ruang,duduk,pada,sarana,hibur,kabin,bagus,layan,ramah,referensi,terbang,,,,,,,,,,,,,,,,,,,,,,,,,,,,,,,,,,,,,,,
ruang,kaki,jarak,kursi,lega,hibur,terbang,bpn,hlp,hlp,srg,mesti,diimprove,lengkap,menu,makan,siang,asa,roti,hlpke,srg,diimprove,jadwal,bagus,jam,harga,mahal,,,,,,,,,,,,,,,,,,,,,,,
ruang,kaki,lega,kursi,nyaman,rute,internasional,rute,domestik,pribadi,delay,,,,,,,,,,,,,,,,,,,,,,,,,,,,,,,,,,,,,,,
rute,nonstop,terbang,tumpang,via,lombok,jakarta,oct,pnr,whymdp,may,pnr,ntqrov,muas,nikmat,pernerbangan,thanks,,,,,,,,,,,,,,,,,,,,,,,,,,,,,,,,,
tugas,bisnis,jakarta,terbang,terbang,pagi,pagi,jadwal,on,time,layan,bagus,pilot,terbang,bagus,darat,goncangan,keras,sentuh,landas,,,,,,,,,,,,,,,,,,,,,,,,,,,,,,
antri,tugas,cekat,buka,antri,kelas,bisnis,tugas,ramah,nyaman,entertaint,rusak,tonton,film,,,,,,,,,,,,,,,,,,,,,,,,,,,,,,,,,,,,
pergi,jajah,indonesia,alami,didik,tarik,budaya,makan,atraksi,beda,peleset,gelang,kaki,kanan,luka,parah,bandara,kursi,roda,staf,ambil,alih,derita,belas,kasih,rahmat,percaya,lupa,tinggal,bandara,denpasar,kru,tawan,bantu,pulang,delay,layan,hebat,perhati,menindaklanjuti,sms,maju,salah,saran,coba,,,,,
butuh,tiket,dadak,harga,murah,overall,layan,bagus,,,,,,,,,,,,,,,,,,,,,,,,,,,,,,,,,,,,,,,,,,
undang,acara,malang,pilih,terbang,pagi,halim,bogor,pilih,cocok,jadwal,layan,lumayan,bagus,terbang,on,schedule,,,,,,,,,,,,,,,,,,,,,,,,,,,,,,,,,
pilih,terbang,jakarta,jogjakarta,pilih,harga,murah,mahal,dasar,alam,putus,in,flight,movie,ruang,kaki,lapang,makan,ringan,,,,,,,,,,,,,,,,,,,,,,,,,,,,,,,
takeoff,ngurah,rai,dengar,suara,gesek,kuat,bagasi,kabin,koper,geser,tau,ganggu,getar,kuat,tutup,kabin,atas,kepala,rapi,getar,boeing,er,gres,bepoperasi,awat,bagasi,kabin,kait,jadi,celaka,ganggu,asa,cemas,kuat,percaya,tumpang,terbang,nyaman,armada,terbang,andal,masyarakat,negeri,,,,,,
salah,indonesia,layan,bagus,snack,kelas,ekonomi,makan,lengkap,kelas,bisnis,lengkap,hibur,layar,monitor,tayang,filmfilm,movie,lagu,videovideo,tarik,diupdate,kala,,,,,,,,,,,,,,,,,,,,,,,,,,,
salah,favorit,harga,terhjangkau,layan,oke,bangga,puas,,,,,,,,,,,,,,,,,,,,,,,,,,,,,,,,,,,,,,,,,,
sambut,tarik,checkin,duduk,tepat,suka,ruang,nyaman,pramugari,cantik,ramahramah,terbang,nyaman,enjoy,tambah,harga,murah,riah,sukses,,,,,,,,,,,,,,,,,,,,,,,,,,,,,,,
terbang,airjarak,duduk,dpn,belakang,luas,nyaman,snack,nonton,film,main,game,pokok,terbang,keren,tp,kl,saranharganya,dimurahin,yaaa,,,,,,,,,,,,,,,,,,,,,,,,,,,,,,
muas,harga,jangkau,layan,ramah,sopan,perhati,costumer,berangkat,,,,,,,,,,,,,,,,,,,,,,,,,,,,,,,,,,,,,,,,,
senang,terbang,belakang,persis,jessica,iskandar,anak,hehehe,its,lucky,me,,,,,,,,,,,,,,,,,,,,,,,,,,,,,,,,,,,,,,,
senang,jalan,hibur,mineral,pilih,teh,kopi,roti,daging,cake,buah,chicken,nugget,lumayan,ganjal,perut,jalan,jakarta,kuala,lumpur,ruang,kaki,lega,terima,kasih,mudah,servicenya,tingkat,,,,,,,,,,,,,,,,,,,,,,
nyaman,pesawat,snack,lumayan,tugas,helpfull,terbang,lambat,,,,,,,,,,,,,,,,,,,,,,,,,,,,,,,,,,,,,,,,,,
nyaman,layan,ramah,handung,hangat,membersikan,tangan,wajah,welcome,drink,jus,sayur,nyaman,tidur,terbang,malam,,,,,,,,,,,,,,,,,,,,,,,,,,,,,,,,,,
nyaman,ramah,layan,crewnya,full,hibur,layar,lcd,pilih,menu,on,time,,,,,,,,,,,,,,,,,,,,,,,,,,,,,,,,,,,,,,
senang,terbang,nilai,uang,pendek,bersih,staf,oke,terbang,singkat,berangkat,darat,cepat,turun,senang,raguragu,,,,,,,,,,,,,,,,,,,,,,,,,,,,,,,,,,
senang,terbang,batiksaya,kelas,bisnis,harga,promotapi,sukamakanan,kelas,bisnisitu,terbangbisakah,ganti,ganti,menu,lainmakasih,,,,,,,,,,,,,,,,,,,,,,,,,,,,,,,,,,,
terbang,kota,tiket,murah,fasilitas,destinasi,layan,jadi,salah,biaya,murah,,,,,,,,,,,,,,,,,,,,,,,,,,,,,,,,,,,,,,,
sarap,hibur,terbang,hibur,bosan,utama,tepat,kota,tuju,gembira,terima,kasih,mudik,senang,,,,,,,,,,,,,,,,,,,,,,,,,,,,,,,,,,,,
sekian,indonesia,grup,wings,depan,premium,class,sisi,layan,on,time,tdk,delay,video,on,demand,hibur,jalan,,,,,,,,,,,,,,,,,,,,,,,,,,,,,,,,
group,layan,tepat,atas,standar,leg,room,lega,hibur,canggih,potong,roti,pramugari,seksi,ramah,,,,,,,,,,,,,,,,,,,,,,,,,,,,,,,,,,,
group,segment,banding,delay,kadang,suka,delay,beda,nyaman,lengkap,televisi,overall,oke,banding,,,,,,,,,,,,,,,,,,,,,,,,,,,,,,,,,,,,
suka,terbang,pagi,on,time,sesuai,schedule,,,,,,,,,,,,,,,,,,,,,,,,,,,,,,,,,,,,,,,,,,,
indikator,tepat,makan,ratarata,istimewa,kanal,hibur,pilih,,,,,,,,,,,,,,,,,,,,,,,,,,,,,,,,,,,,,,,,,,
satu,airline,direct,flight,manado,alami,cedera,kaki,berterimakasih,staf,darat,sigap,bantu,kursi,roda,mana,antri,boarding,gate,catat,sdh,terbang,stabil,mana,tirai,tutup,pramugari,sibuk,cengkerama,sop,,,,,,,,,,,,,,,,,,,,
habis,pergi,terbang,terbang,terkadang,lambat,menit,pengaruh,gratis,tas,cek,,,,,,,,,,,,,,,,,,,,,,,,,,,,,,,,,,,,,,,
milik,pilih,terbang,sesuai,rencana,jalan,alam,hebat,biaya,rendah,coba,,,,,,,,,,,,,,,,,,,,,,,,,,,,,,,,,,,,,,,
seringkali,fasilitas,entertainment,in,flight,beda,terbang,nikmat,in,flight,entertainment,pilih,variasi,fasilitas,layar,sentuh,minimal,modern,kursi,bersih,makan,siang,pilih,pilih,tingkat,layan,check,in,counter,kelas,ekonomi,tuju,makan,antri,counter,,,,,,,,,,,,,,,
halhal,senang,free,cabin,baggage,kilo,free,bagasi,makan,minum,inflight,entertainment,on,time,overall,muas,,,,,,,,,,,,,,,,,,,,,,,,,,,,,,,,,,
jakarta,kesan,suka,terbang,jakarta,landing,halim,perdanakusuma,mudah,jangkau,kota,jakarta,,,,,,,,,,,,,,,,,,,,,,,,,,,,,,,,,,,,,,
ajar,berangkat,pagi,sesuai,jadwal,cepat,lancar,milik,bagasi,bawa,tas,tangan,checkin,jalan,lancar,,,,,,,,,,,,,,,,,,,,,,,,,,,,,,,,,,,
pergi,terbang,chengdu,bangkok,pesawat,bagus,boeing,kursi,nyaman,terbang,terbang,lepas,landas,darat,delay,pramugari,cantik,suka,,,,,,,,,,,,,,,,,,,,,,,,,,,,,,,,
pergi,airways,pikir,biaya,rendah,awat,kejut,salah,terbang,biaya,rendah,baik,jalan,checkin,kabin,staf,bantu,terbang,bagus,saran,,,,,,,,,,,,,,,,,,,,,,,,,,,,,,
wisata,karimun,jawasaat,kembali,labuh,tanjung,mas,pelni,kelimutu,lambat,berangkat,tp,berangkat,stngh,smpai,tanjung,mas,mlm,pdhal,flight,smpai,bandara,boarding,bantu,tugas,sana,tunggu,salute,moga,jaya,udara,,,,,,,,,,,,,,,,,,,
kaget,terbang,terbang,wib,gate,buka,tumpang,umum,wib,terbang,udara,unik,pasang,umum,keras,suara,terima,kasih,kerjasama,tumpang,terbang,,,,,,,,,,,,,,,,,,,,,,,,,,,,,
keluarga,terbang,on,time,staf,ramah,sedia,makan,minum,anak,suka,pilih,film,suami,suka,main,entertainment,headsetnya,pakai,headset,earphone,,,,,,,,,,,,,,,,,,,,,,,,,,,,,
keluarga,nyaman,ruang,duduk,luas,suami,bobot,badan,overweight,milik,kendala,duduk,saran,harga,tiket,promo,donk,pergi,tugas,kantor,libur,,,,,,,,,,,,,,,,,,,,,,,,,,,,,
semarang,jakarta,cuaca,hujan,delay,jakarta,malam,,,,,,,,,,,,,,,,,,,,,,,,,,,,,,,,,,,,,,,,,,,
keluarga,rencana,pulang,keluarga,kakak,bawa,mobil,jawa,timur,berangkat,jebak,macet,brebeswalaupun,jawa,timur,kondisi,anak,kecilakhirnya,putus,pesawatkarena,referensi,murahmaka,putus,airwalaupun,khawatir,jugakarena,kenal,delaynyatetapi,khawatir,darat,jalan,mulus,darat,kasar,alam,anak,usia,nyaman,,,,,,,,,,,,
lumayan,suka,suka,garuda,makan,free,sayang,fasilitas,tv,update,filmfilm,garuda,indonesia,update,film,tv,,,,,,,,,,,,,,,,,,,,,,,,,,,,,,,,,,
terbang,balijogjakarta,enam,minggu,temu,temanteman,main,golf,murah,bal,utama,rute,temu,sepakat,baik,nilai,layan,tambah,terbang,baik,rekomendasi,tahan,bagus,staff,plus,senyum,,,,,,,,,,,,,,,,,,,,,,,,
jalan,idul,fitri,musim,puncak,pikir,lambat,tunda,terbang,,,,,,,,,,,,,,,,,,,,,,,,,,,,,,,,,,,,,,,,,
alam,delay,tuju,pkujkt,berkalikali,jujur,alami,delay,terbang,pkubatam,harga,tiket,pkubatam,sangatsangat,sahabat,,,,,,,,,,,,,,,,,,,,,,,,,,,,,,,,,,,
mes,promosi,harga,tiket,nilai,uang,awak,kabin,ramah,antusias,kabin,bersih,tumpang,muat,tas,gratis,berat,gratis,makan,ringan,,,,,,,,,,,,,,,,,,,,,,,,,,,,,,
milik,terbang,denpasar,lombok,staf,bandara,cepat,sabar,persis,atur,berat,bagasi,checkin,boleh,,,,,,,,,,,,,,,,,,,,,,,,,,,,,,,,,,,,
milik,jalan,negeri,untung,beda,alami,traveling,domestik,delay,crewnya,ramah,bantu,indonesia,selamat,,,,,,,,,,,,,,,,,,,,,,,,,,,,,,,,,,,,
terbang,bthpnkbdo,berangkat,batam,sore,bandun,malam,terbang,kru,ramah,layan,bagasi,cepat,sayang,tumpang,taat,atur,nyala,hp,landing,,,,,,,,,,,,,,,,,,,,,,,,,,,,,,
tau,reting,terbang,terbang,ubah,ac,tepat,lainlain,tumpang,baca,ulas,please,banget,makan,pop,mi,dalem,lho,duduk,belakang,aroma,pusing,kepala,,,,,,,,,,,,,,,,,,,,,,,,,,,
harga,tiket,murah,terbang,makan,minum,terbang,hibur,alas,video,rusak,,,,,,,,,,,,,,,,,,,,,,,,,,,,,,,,,,,,,,,
ambil,terbang,delapan,airline,sungguh,takjub,delay,serius,kenal,raja,delay,ambil,terbang,pilih,terbang,murah,,,,,,,,,,,,,,,,,,,,,,,,,,,,,,,,,,
ambil,terbang,pergi,manado,libur,libur,kejut,telepon,boarding,berangkat,proses,darat,shock,cuaca,bagus,maju,tahan,terima,kasih,singa,,,,,,,,,,,,,,,,,,,,,,,,,,,,,,
ambil,terbang,tanggal,mei,alam,terbang,ambil,cgksin,,,,,,,,,,,,,,,,,,,,,,,,,,,,,,,,,,,,,,,,,,
kejar,flight,pagi,yogyakarta,balikpapan,urus,kerja,sedia,flight,murah,flight,terbang,telat,,,,,,,,,,,,,,,,,,,,,,,,,,,,,,,,,,,,,
airbus,terbang,jakarta,terbang,benarbenar,senang,baris,milik,tv,mana,tani,jalan,roti,minum,tumpang,they,are,cool,,,,,,,,,,,,,,,,,,,,,,,,,,,,,,,,
jalan,pulang,libur,yogyakarta,jakarta,so,far,terbang,oke,delay,pramugari,ramah,beda,notabanenya,induk,usaha,,,,,,,,,,,,,,,,,,,,,,,,,,,,,,,,,,
nyaman,terbang,delay,senang,,,,,,,,,,,,,,,,,,,,,,,,,,,,,,,,,,,,,,,,,,,,,,
periode,milik,harga,murah,alam,checkin,boarding,berkat,checkin,online,antri,boarding,pass,kes,kerja,moga,,,,,,,,,,,,,,,,,,,,,,,,,,,,,,,,,,
rekomendasi,keluarga,sahabat,terbang,bukti,aman,,,,,,,,,,,,,,,,,,,,,,,,,,,,,,,,,,,,,,,,,,,,
pulang,hadir,event,asus,zenvolution,bal,bikin,excited,alam,balingbaling,sih,jenis,aman,duduk,balingbaling,dengar,suara,baling,putar,alam,unik,sayang,delay,pulang,malang,molor,,,,,,,,,,,,,,,,,,,,,,,,
singapura,kecewa,kamar,mandi,jorok,makan,basi,kemaren,denpasar,bagus,delay,sebentar,padat,kursi,rusak,tv,kue,lumayan,sayang,sendok,pizza,leleh,,,,,,,,,,,,,,,,,,,,,,,,,,,,
pergi,bal,budget,batas,penuh,budget,terang,ragu,kabar,buruk,tanggal,berangkat,temu,ramai,konter,check,in,antri,butuh,menit,check,in,sisa,jalan,berangkat,sesuai,jadwal,datang,anggota,kru,bantu,rekomendasi,,,,,,,,,,,,,,,,,,
dengar,review,buruk,sempat,coba,servis,bagus,take,off,sesuai,jadwal,cuaca,buruk,lambat,landing,pilot,piawai,atas,force,majeur,tumpang,lega,landing,kondisi,nyaman,bersih,jaga,,,,,,,,,,,,,,,,,,,,,,,
kesan,berangkat,in,flight,services,ok,agam,kualitas,menu,makan,minum,tawar,harga,relatif,murah,banding,kelas,bisnis,airline,pilih,,,,,,,,,,,,,,,,,,,,,,,,,,,,,,
jatuh,cinta,manja,tv,duduk,pilih,jenis,film,suka,tumpang,pergi,,,,,,,,,,,,,,,,,,,,,,,,,,,,,,,,,,,,,,,
terbang,satu,terbang,malam,batam,jambi,tiket,murah,ribu,via,traveloka,checkin,web,berangkat,syukur,seat,baris,seat,pilih,web,seat,no,terbang,malam,on,time,frequent,flyer,almost,every,friday,take,off,landingnya,smooth,keluh,bagus,delaynya,reasonable,,,,,,,,,,,
rekomendasi,teman,sahabat,keluarga,jasa,terbang,,,,,,,,,,,,,,,,,,,,,,,,,,,,,,,,,,,,,,,,,,,,
percaya,takut,terbang,takut,lambat,kemarin,sekian,kemarin,meja,checkin,turun,bagasi,delay,lepas,landas,sempurna,darat,sempurna,bagus,percaya,,,,,,,,,,,,,,,,,,,,,,,,,,,,,,
senang,luas,pilih,film,sayang,headphone,bawa,airline,sedia,snack,terbang,,,,,,,,,,,,,,,,,,,,,,,,,,,,,,,,,,,,,,,
senang,pergi,mudah,mes,harga,bagus,cepat,layan,bagus,usaha,tolong,tumpang,pramugrari,profesionalkarena,tamu,marah,delay,senyum,tenang,kurang,delay,jalan,aman,,,,,,,,,,,,,,,,,,,,,,,,,,,
pergi,denpasar,jakarta,tinggal,tinggal,murni,salah,sopan,cuaca,gabung,terbang,salah,staf,checkin,rujuk,layan,langgan,periksa,sedia,kursi,kursi,uang,bayar,baikbaik,pergi,ambil,uang,tunai,atm,selesai,bayar,gadis,layan,langgan,bayar,tiket,boarding,pass,jujur,kejut,milik,reputasi,buruk,layan,malam,ubah,pikir,terima,kasih,layan
pilih,terbang,banding,terminal,nyaman,cepat,jadwal,terbang,tentu,terbang,subuh,jarak,kursi,banding,nyaman,harga,saing,,,,,,,,,,,,,,,,,,,,,,,,,,,,,,,,,
berkalikali,overall,layan,perna,delay,gate,ubah,sesuai,tiket,boarding,pas,kadang,jalan,gate,ubah,tunggu,gate,sesuai,boarding,pas,kali,jalan,subcgksub,tv,audio,hibur,jalan,beda,swasta,hibur,kesini,snak,kurang,layan,so,far,so,good,,,,,,,,,,,,
terbang,periode,sibuk,loy,krathong,terbang,bandara,sibuk,,,,,,,,,,,,,,,,,,,,,,,,,,,,,,,,,,,,,,,,,,
suka,terbang,harga,mahal,kualitas,layan,bagus,tv,pesawat,anak,senang,siar,gamenya,maju,yah,tingkat,kualitas,,,,,,,,,,,,,,,,,,,,,,,,,,,,,,,,,
suka,tarif,bagasi,makan,gratis,lewat,kecuali,benarbenar,lapar,layan,standar,tarif,rendah,khas,kondisi,terbang,tingkat,salah,terbang,domestik,mudah,terbang,domestik,indonesia,,,,,,,,,,,,,,,,,,,,,,,,,,
baca,komentar,negatif,ragu,terbang,terbang,thai,udon,thani,bangkok,senang,,,,,,,,,,,,,,,,,,,,,,,,,,,,,,,,,,,,,,,
baca,ulas,negatif,mes,terbang,terbang,jalan,hari,bal,surabaya,leg,lepas,landas,hambat,terbang,alami,delay,terbang,delay,makan,tumpang,ketidaknyamanan,maaf,lampau,lampau,rekomendasi,terbang,,,,,,,,,,,,,,,,,,,,,,,
dengar,tanggap,buruk,terbang,usaha,wings,bal,denpasar,sempurna,bersih,barang,ramah,delay,terbang,mes,terbang,bal,lombok,harga,dolar,harap,layan,pilih,mahal,rekomendasi,,,,,,,,,,,,,,,,,,,,,,,,,
terbang,bengkulu,enam,tahun,anggar,embelembel,terbang,baikbaik,jalan,kursi,bagus,pramugari,jalan,alami,lambat,tinggal,bengkulu,sedia,makan,tumpang,kembali,uang,rp,tiket,bayang,benarbenar,terburuburu,pergi,jakarta,delay,ganggu,,,,,,,,,,,,,,,,,,,
terbang,mei,surabaya,tuju,banjarmasin,mana,prasangka,buruk,delay,terbang,komplain,delay,check,tandatanda,delay,terbang,ontime,sungguh,baik,pulang,banjar,surabaya,terbang,ontime,baik,maju,,,,,,,,,,,,,,,,,,,,,,,,
terbang,buruk,pergi,bandara,mes,tiket,berangkat,harga,tampil,online,terbang,mes,online,hebat,proses,mudah,staf,ramah,murah,pergi,rekomendasi,,,,,,,,,,,,,,,,,,,,,,,,,,,,,
terbang,tanggal,desember,pangkalpinang,pgk,jakarta,cgk,layan,cuaca,pilot,tangan,darat,selamat,jempol,singa,layan,,,,,,,,,,,,,,,,,,,,,,,,,,,,,,,,,,
terbang,terbang,pagi,delay,kenal,banyak,delay,boarding,menit,jadwal,terbang,take,off,meleset,menit,jadwal,berangkat,darat,denpasar,tingkat,juni,harga,terbang,baik,indonesia,harga,murah,asia,pilih,berangkat,bagasi,gratis,fasilitas,makan,jual,kapal,idr,minum,idr,makan,rekomendasi,lancong,anggar,rendah,,,,,,
terbang,kemarin,lambat,syukur,layar,tv,layan,film,mati,layar,film,ganti,filmfilm,ganti,makan,kadangkala,kadangkala,pilih,tepat,harga,murah,garuda,saran,tingkat,konsistensi,layan,janji,layan,premium,wujud,sukses,,,,,,,,,,,,,,,,,,,
terbang,bal,jogjakarta,temu,jadwal,layan,baik,lokal,biaya,sembunyi,lengkap,bagasi,gratis,layan,,,,,,,,,,,,,,,,,,,,,,,,,,,,,,,,,,,,
kejut,terbang,airbus,alam,senang,suka,milik,kursi,darurat,konter,periksa,anggar,favorit,,,,,,,,,,,,,,,,,,,,,,,,,,,,,,,,,,,,,
kes,standar,layan,banding,anggar,senang,situs,web,sistem,mesan,coba,biaya,sembunyi,fakta,bagasi,pikir,awat,ruang,kaki,bagus,terbang,,,,,,,,,,,,,,,,,,,,,,,,,,,,,
paksa,beli,tiket,terbang,denpasar,bandung,urus,dadak,dapat,harga,murah,murah,terbang,cocok,malam,dps,panggil,boarding,taxiing,take,off,darat,bdo,estimasi,bilang,delay,senang,pklog,inibpertama,,,,,,,,,,,,,,,,,,,,,
bayar,tiket,elektronik,kartu,sewa,taksi,,,,,,,,,,,,,,,,,,,,,,,,,,,,,,,,,,,,,,,,,,,,
sdh,takut,delay,ngga,mantap,terbang,mulus,moga,tingkat,kerja,,,,,,,,,,,,,,,,,,,,,,,,,,,,,,,,,,,,,,,,
seatnya,nyaman,ruang,kaki,luas,tipe,kaki,lumayan,selonjor,dikiiiit,tidur,jalan,huehe,,,,,,,,,,,,,,,,,,,,,,,,,,,,,,,,,,,,,
pergi,rute,jakarta,lionpura,cari,ekonomis,keluar,pribadi,coba,pilih,rute,harga,murah,bagasi,biaya,sembunyi,navigasi,mesan,online,turun,terminal,proses,imigrasi,bea,cukai,jakarta,tangan,terbang,banding,moga,ubah,,,,,,,,,,,,,,,,,,,
terbang,lowbat,budget,kunjung,makassar,solo,rekomendasi,terbang,murah,,,,,,,,,,,,,,,,,,,,,,,,,,,,,,,,,,,,,,,,,
pilot,lompat,pulang,as,thailand,perhati,operasi,ganggu,jengkel,terusmenerus,operator,diskon,as,asia,kejut,terbang,boeing,airbus,langka,asia,pandang,pilot,teknik,suka,boeing,pribadi,pilih,kes,ganggu,harga,congkel,diskon,kursi,buruk,kosong,checkin,online,bayar,kursi,layak,komputer,program,tipu,,,,,,,
mesan,ubah,grup,fasilitas,kejut,snack,roti,minum,lumayan,snack,kursi,tumpang,bagus,,,,,,,,,,,,,,,,,,,,,,,,,,,,,,,,,,,,,
terima,kasih,satusatunya,buka,rute,bandung,lombok,direct,no,transit,jadwal,hari,buka,rute,tahan,kurang,seringkali,dengar,alhamdulillah,nyaman,kadang,delay,moga,layan,tingkat,,,,,,,,,,,,,,,,,,,,,,,,,
bikin,gr,duluan,transit,bal,suma,sebentar,lumayan,gpp,sih,berangkantnya,bal,brunch,,,,,,,,,,,,,,,,,,,,,,,,,,,,,,,,,,,,,
numpang,terbang,nunggang,kapal,terbang,maksudanya,kapal,terbang,kelas,ekonomi,lebih,samping,pramugari,cantik,cantik,ramamah,ramah,sopan,harga,jangkau,rakyat,,,,,,,,,,,,,,,,,,,,,,,,,,,,,
nikmat,terbang,milik,terbang,bagus,tjq,cgk,cgk,dps,delay,pikir,tingkat,layan,awak,sopan,bantu,tahan,tingkat,,,,,,,,,,,,,,,,,,,,,,,,,,,,,,,,
jarang,milih,khawatir,saudara,tua,delay,bermasalahhehehe,kemarin,tiketcom,hargany,murah,proses,boarding,nyaman,terbang,,,,,,,,,,,,,,,,,,,,,,,,,,,,,,,,,,,
terbang,sederhana,layan,efisien,kursi,layak,saji,wafer,jalan,,,,,,,,,,,,,,,,,,,,,,,,,,,,,,,,,,,,,,,,,
tingkat,tepat,take,off,tingkat,layan,fasilitas,inflight,entertaiment,moga,keras,tahan,on,line,check,in,access,,,,,,,,,,,,,,,,,,,,,,,,,,,,,,,,,
nyaman,fasilitas,layan,staf,tumpang,meal,paket,check,in,rapi,cepat,trouble,salah,rute,management,lambat,ambil,putus,kes,lempar,baik,management,hadap,komplain,langgan,staf,suka,,,,,,,,,,,,,,,,,,,,,,,
selimut,monitor,lcd,mgkin,sdg,baik,etc,,,,,,,,,,,,,,,,,,,,,,,,,,,,,,,,,,,,,,,,,,,
bagus,biaya,rendah,kabin,ramah,luas,biaya,rendah,eropa,awak,kabin,ramah,jalur,pendek,makan,kelas,ekonomi,lambat,indonesia,aman,operasi,terbang,nasional,padat,nikmat,pergi,kecuali,kadangkadang,delys,sempat,jalan,adik,airlines,,,,,,,,,,,,,,,,,
second,time,batikair,tuju,jakarta,pekanbaru,kursi,nyaman,sandar,kaki,luas,makan,minum,puas,layan,crew,bantu,,,,,,,,,,,,,,,,,,,,,,,,,,,,,,,,,
delay,berangkat,delay,bayar,nyaman,dalam,selesai,salah,lapor,sifat,urgent,trip,pendek,suguh,snack,minum,,,,,,,,,,,,,,,,,,,,,,,,,,,,,,,,,,
cerita,teman,teman,suka,traveling,enatah,baik,kenal,delay,kemarin,pulang,pergi,alhamdulillah,jadwal,terbang,on,time,kru,sahabat,ramah,tumpang,nilai,jasa,transportasi,so,ragu,harga,tiket,kompetitif,moga,baik,tingkat,puas,nyaman,tumpang,,,,,,,,,,,,,,,
alam,terbang,keluh,aju,tumpang,delay,tv,untung,alam,buruk,suka,armada,terkadang,jadwal,harga,banding,biaya,rendah,pramugari,muda,cantik,hibur,terbang,kecuali,majalah,,,,,,,,,,,,,,,,,,,,,,,,,
jujur,milik,alam,buruk,datang,delay,berangkat,menit,milik,rute,destinasi,indonesia,harga,tiket,kompetitif,banding,terbang,tengah,rendah,kru,ramah,rekomendasi,pilih,unjung,destinasi,indonesia,budget,airline,,,,,,,,,,,,,,,,,,,,,,
dengar,terbang,delay,terbang,laku,beberapabulan,beda,jadwal,,,,,,,,,,,,,,,,,,,,,,,,,,,,,,,,,,,,,,,,,,
jalan,perhati,terbang,jalan,sesuai,jadwal,boarding,take,off,landing,terbang,on,time,schedule,penting,selamat,harap,benah,kecewa,tumpang,terima,kasih,,,,,,,,,,,,,,,,,,,,,,,,,,,,
senang,terbang,berangkat,sesuai,jadwal,in,flight,wifi,crew,ramah,covid,kadang,schedule,ubah,mangkas,jadwal,moga,kwalitas,layan,,,,,,,,,,,,,,,,,,,,,,,,,,,,,,,
degdegan,dengar,info,delay,layan,tiket,lanjur,pes,bulan,berangkat,delay,kursi,sempit,,,,,,,,,,,,,,,,,,,,,,,,,,,,,,,,,,,,,
delay,batam,karna,kabut,asap,merukapan,jalan,senang,sayasesuai,rencana,transit,balikpapan,ganti,manado,delay,batam,manado,take,offalhasil,kami,inap,balikpapanpengalaman,thnks,airwalaupun,delay,terbang,aman,indonesia,coba,banding,rasio,terbang,resiko,celaka,,,,,,,,,,,,,,,,
raguragu,pilih,terbang,berkalikali,delaynamun,terbang,surabaya,jambi,transit,jakarta,jalan,on,time,layan,sbh,jakarta,fasilitas,garbarata,posisi,gate,tunggu,tentu,tumpang,jalan,turun,tangga,parkir,parah,jakarta,bus,menganggu,tunggu,terbang,mulaia,terbang,menit,menit,kondisi,dalam,panas,nyaman,alam,temu,low,cost,lepas,landas,ac,dingin,
armada,cocok,terbang,suka,megazine,terbang,sayang,milik,pilih,makan,terbang,lewat,daftar,menu,terbang,,,,,,,,,,,,,,,,,,,,,,,,,,,,,,,,,,,
bicara,buruk,amanblabla,ambil,pilih,kejut,bagasi,murah,staf,kapal,ramah,,,,,,,,,,,,,,,,,,,,,,,,,,,,,,,,,,,,,,,
jalan,sesuai,rencana,mudah,checkin,kritik,checkin,online,cetak,boarding,pass,libur,darat,kejut,ulas,gratis,,,,,,,,,,,,,,,,,,,,,,,,,,,,,,,,,,
puas,proses,check,in,pramugari,ramah,hibur,lengkap,pilih,makan,terbang,jakarta,,,,,,,,,,,,,,,,,,,,,,,,,,,,,,,,,,,,,,
senang,bagus,snack,layan,ramah,harga,mahal,layan,mahal,salut,management,hadir,kelas,tengah,harga,ekonomis,,,,,,,,,,,,,,,,,,,,,,,,,,,,,,,,,,
jadwal,on,time,layan,saran,terbang,durasi,pendek,snack,minum,kemas,wadah,snack,box,paper,bag,full,service,,,,,,,,,,,,,,,,,,,,,,,,,,,,,,,,
banyak,indonesia,gemar,delay,salah,buruk,khawatir,ambil,terbang,jarang,delay,terbang,aceh,sungguh,istimewa,darat,terbang,sabang,pulau,weh,saran,ambil,kursi,jendela,baris,kiri,siap,kamera,ambil,putar,sisi,kiri,hadap,pulau,sabang,indah,laut,jernih,ambil,gambar,sayang,telat,,,,,,,,
alam,buruk,lapor,tumpang,delay,celaka,hindar,terbang,sempat,pilih,berangkat,tempuh,minggu,september,terbang,bertahuntahun,hindar,aneh,jalan,lancar,berangkat,persis,jadwal,boeing,er,darat,mulus,salah,alami,landing,mulus,terbang,baca,artikel,majalah,informasi,tingkat,tepat,berangkat,signifikan,yah,moga,tanda,tindak,terima,keluh,alami,jadi,malang,
ingat,ancam,cabut,rute,terbang,benah,terbang,tahan,prestasi,,,,,,,,,,,,,,,,,,,,,,,,,,,,,,,,,,,,,,,,,
baca,ulas,horor,kejut,jalan,lancar,checkin,cepat,mudah,tarik,tumpang,jalan,kaki,staf,awas,aman,jarak,pendek,staf,bersih,aman,ubah,layan,armada,terbang,,,,,,,,,,,,,,,,,,,,,,,,,
baca,ulas,buruk,benarbenar,takut,terbang,harap,delay,staf,ramah,jalan,pesawat,goyah,darat,senang,rekomendasi,terbang,harga,murah,,,,,,,,,,,,,,,,,,,,,,,,,,,,,,,
unjung,bromo,exotica,bromo,lampung,transit,cengkareng,bandara,internasional,soekarno,hatta,terbang,jt,malang,sesuai,jadwal,sesuai,jadwal,ruang,lutut,duduk,terbang,murah,malang,jakarta,awak,hangat,disiasiakan,darat,terbang,belas,menit,bagus,juli,,,,,,,,,,,,,,,,
sekian,dengar,naek,kesan,oke,ontime,crew,cabinnya,ramah,ramah,helpful,kalo,terbang,pakai,alam,,,,,,,,,,,,,,,,,,,,,,,,,,,,,,,,,,,
sekian,barusan,garbarata,lumayan,on,time,tuju,telat,,,,,,,,,,,,,,,,,,,,,,,,,,,,,,,,,,,,,,,,,,
terbang,yogya,jakarta,tahu,tiket,yogya,banding,kota,prefer,duduk,nyaman,,,,,,,,,,,,,,,,,,,,,,,,,,,,,,,,,,,,,,,
libur,santai,pesan,flight,harga,sahabat,delay,walapun,murah,,,,,,,,,,,,,,,,,,,,,,,,,,,,,,,,,,,,,,,,,
terbangke,jakarta,jogja,jakarta,bandara,soekarno,hatta,sabtu,pagi,bilang,lancar,,,,,,,,,,,,,,,,,,,,,,,,,,,,,,,,,,,,,,,
pergi,papua,layan,bagus,,,,,,,,,,,,,,,,,,,,,,,,,,,,,,,,,,,,,,,,,,,,,,
solo,tetap,hubuntuk,tuju,jawa,jawa,amazing,medan,transit,jakarta,lagiapalagi,tuju,surabaya,denpasar,lombok,pontianak,ujungpandang,moga,layan,ditingkatkancongrats,,,,,,,,,,,,,,,,,,,,,,,,,,,,,,
makassar,surabaya,ampun,delaynya,alhamdulillah,cenderung,lombok,surabaya,pilih,jam,harga,mepetmepet,lumayan,jangkau,bawa,anak,pilih,kursi,tambah,budget,,,,,,,,,,,,,,,,,,,,,,,,,,,,,,
fasilitas,berangkat,jogjapalembang,salah,pilih,pergi,krn,bbrp,rute,plgjogja,jogjaplg,,,,,,,,,,,,,,,,,,,,,,,,,,,,,,,,,,,,,,,
tugas,kantor,audit,samarinda,kalimantan,timur,terbang,pagi,murah,pernak,delay,flight,pagi,bom,kontaminasi,,,,,,,,,,,,,,,,,,,,,,,,,,,,,,,,,,,
terbang,denpasar,waingapu,sumba,timur,delay,,,,,,,,,,,,,,,,,,,,,,,,,,,,,,,,,,,,,,,,,,,,
aneh,alami,lambat,pakai,terbang,banjarmasin,jakarta,tanggal,januari,puas,tumpang,isi,terbang,berangkat,tiba,sesuai,jadwal,,,,,,,,,,,,,,,,,,,,,,,,,,,,,,,,,
ndak,trauma,singa,terbang,delaynya,super,duper,banget,terbang,tibatiba,cancel,sampaisampai,terbang,bandung,alih,jakarta,gila,banget,adik,nikah,beda,terbang,ontime,pas,banget,jadwal,schedule,initinya,terbang,super,duper,nyaman,tidur,tibatiba,bangun,dengar,umum,pramugari,sebentar,landing,bandara,husaen,terima,kasih,terima,kasih,crew,,,
aneh,lambat,boarding,buruk,antri,darat,lombok,alam,bagus,lengkap,darat,super,mulus,lop,,,,,,,,,,,,,,,,,,,,,,,,,,,,,,,,,,,,
keren,on,time,counter,check,in,buka,mudah,coustomer,lapor,,,,,,,,,,,,,,,,,,,,,,,,,,,,,,,,,,,,,,,,
terbang,bff,gold,bosan,kursi,lega,in,flight,entertainment,makan,minum,landing,mulus,terima,kasih,,,,,,,,,,,,,,,,,,,,,,,,,,,,,,,,,,,
ken,cari,murah,phpin,medanjkt,rute,nasi,jadi,alhamdulillah,ganjal,perut,hehehe,pas,jogja,yogyakarta,ambil,terbang,malam,harap,kasi,makan,nasi,hahaha,alhamdulillah,kasi,makan,nasi,bong,roti,aqua,analisa,makan,nasi,jalan,situ,roti,bagibagi,nasi,cemilan,sosis,jenis,gudang,beras,segel,,,,,,
tarif,akal,rawat,jalan,cepat,cepat,pilih,makan,beli,staf,ramah,bantu,anak,tinggal,telepon,temu,jalan,mini,libur,ambil,darat,interpretasi,bahasa,,,,,,,,,,,,,,,,,,,,,,,,,,,
duduk,nyaman,ruang,kaki,luas,sayang,pasang,tv,layan,,,,,,,,,,,,,,,,,,,,,,,,,,,,,,,,,,,,,,,,,
cepat,menit,boarding,saat,alami,delay,on,time,tunggu,tumpang,berangkat,,,,,,,,,,,,,,,,,,,,,,,,,,,,,,,,,,,,,,,
pesawat,goyanggoyang,layan,televisi,tonton,film,,,,,,,,,,,,,,,,,,,,,,,,,,,,,,,,,,,,,,,,,,,,
darat,jakarta,hujan,deras,lambat,darat,terbang,nonton,film,,,,,,,,,,,,,,,,,,,,,,,,,,,,,,,,,,,,,,,,,
walapun,terbang,sore,bersih,standar,sempat,duduk,kursi,jadi,nyaman,leluasa,pilot,ko,pilot,asing,unik,pilot,dpt,berbhs,indonesia,gayanyajadi,asyik,pilot,announce,cuaca,buruk,nail,goyang,goyang,jadi,tumpang,tenang,,,,,,,,,,,,,,,,,,
sedia,lounge,terminal,makan,minim,handuk,hangat,minum,kopiteh,kasih,makan,cangkir,miniatur,headset,gratis,pinjam,film,cenderung,kualitas,suara,musik,putus,putus,,,,,,,,,,,,,,,,,,,,,,,,,,,
terbang,batikair,sungguh,kesan,ontime,cabin,crew,ramah,murah,senyum,bantu,butuh,tumpang,makan,sedia,pesawat,minum,mineral,teh,kopi,tingkat,layan,depan,tambah,item,minum,jus,soda,,,,,,,,,,,,,,,,,,,,,,
terbang,nyaman,tiket,pesawat,murah,antri,chekinsering,dlay,enak,bete,kadang,kadang,ontime,,,,,,,,,,,,,,,,,,,,,,,,,,,,,,,,,,,,,
terbang,rangka,libur,keluarga,terbang,malam,bal,surabaya,web,check,checkin,berangkat,cuaca,bagus,hujan,awan,tebal,sulit,tembus,awan,tebal,pilot,handal,hasil,darat,butuh,ekstra,darat,mulus,malam,puas,layan,,,,,,,,,,,,,,,,,,
terbang,lombok,denpasar,jalan,hebat,padan,bayar,layan,bagus,delay,,,,,,,,,,,,,,,,,,,,,,,,,,,,,,,,,,,,,,,,
terbang,pekanbaru,palembang,bukti,senang,senang,turun,jambi,pindah,duduk,tuju,palembang,terbang,kering,cangkir,kopi,palembang,gelombang,turbulensi,angin,silang,pilot,koreksi,bantal,tinggi,saatsaat,jalan,singkat,apaapa,terbang,,,,,,,,,,,,,,,,,,,,
terbang,rute,cgksin,pklal,terbang,boarding,terbang,durasi,menit,bersih,kabin,awak,kabin,ramah,makan,saji,tarik,pilih,nasi,kuning,nasi,goreng,porsi,sesuai,standar,kelas,ekonomi,senang,terbang,coba,nikmat,full,service,airline,harga,miring,pilih,hibur,minim,film,perangkat,hibur,teknologi,baru,layar,sentuh,responsif,tingkat,layan,group
terbang,pilih,baik,cepat,nyampe,jakarta,tinggal,jawa,barat,ambon,terbang,wit,halim,wib,fasilitas,pelanyan,terbang,bagus,,,,,,,,,,,,,,,,,,,,,,,,,,,,,,,,
terbang,bikin,tenang,hati,on,time,pramugari,ramah,tugas,darat,cekat,,,,,,,,,,,,,,,,,,,,,,,,,,,,,,,,,,,,,,,
terbang,surabaya,tuju,tara,kalimantan,utara,nyaman,terbang,take,off,landing,akurat,tambah,nyaman,terbang,,,,,,,,,,,,,,,,,,,,,,,,,,,,,,,,,,,
terbang,senang,nikmat,terbang,fasilitas,sedia,,,,,,,,,,,,,,,,,,,,,,,,,,,,,,,,,,,,,,,,,,,,
terbang,mudah,mes,online,cepat,terbang,staf,senang,bantu,alami,satusatunya,asia,bagasi,gratis,terbang,domestik,terbang,internasional,harga,rendah,mes,jauhjauh,tuju,terbang,,,,,,,,,,,,,,,,,,,,,,,,,,
terbang,airbus,sungguh,senang,badan,lebar,kapasitas,tumpang,,,,,,,,,,,,,,,,,,,,,,,,,,,,,,,,,,,,,,,,,,
terbang,suasana,nyaman,fasilitas,bagus,mustahil,terbang,dapat,harga,jangkau,fasilitas,bagus,layan,flight,attandant,excellent,,,,,,,,,,,,,,,,,,,,,,,,,,,,,,,,,,
terbang,domestik,hubung,lionpura,chiang,mai,terbang,sg,cnx,putus,singgah,bangkok,temu,teman,rute,memutartransit,bandara,don,muang,senang,terminal,don,muang,segar,baru,terbang,domestik,cinta,kuliner,suka,terminal,pilih,makan,lantai,terminal,fasilitas,sleep,box,alami,celaka,terbang,sinyal,wifi,terminal,transit,pilih,belanja,sedia,,
terbang,kota,pahlawan,pulang,pergi,singa,merah,jalan,muas,tepat,sembilan,puluh,persen,layan,standar,ekonomi,kursi,nyaman,layan,sesuai,harga,,,,,,,,,,,,,,,,,,,,,,,,,,,,,
terima,kasih,group,group,pergi,yogyakarta,bandung,oktober,delay,cuaca,boarding,betapa,miskin,nikmat,terbang,jarak,yogyakarta,menit,terbang,keliling,kota,yogyakarta,darat,sebab,lintas,padat,latih,militer,perintah,pilot,terima,kasih,,,,,,,,,,,,,,,,,,
kes,interior,krn,msh,nampak,bersih,entertainment,sgt,hibur,krn,jalan,bolak,tuju,pendek,menit,film,hr,nonton,tamat,judul,lupa,ttg,agen,rahasia,puas,kadang,harga,kadang,lbh,sekian,persen,nyaman,,,,,,,,,,,,,,,,,,
lepas,buruk,dengar,terbang,indonesia,milik,terbang,usaha,mitra,baltik,alam,bagus,terbang,lepas,landas,menit,ramah,hapus,bagasi,bagus,,,,,,,,,,,,,,,,,,,,,,,,,,,,,,
harga,promo,long,weekend,holiday,terbang,on,time,kabin,krew,ramah,,,,,,,,,,,,,,,,,,,,,,,,,,,,,,,,,,,,,,,
thai,hemat,pilih,alas,utama,tawar,bagasi,checkin,pilih,kursi,gratis,terbang,delay,untung,makan,ringan,gratis,saji,,,,,,,,,,,,,,,,,,,,,,,,,,,,,,,,
thai,terbang,biaya,rendah,harga,jangkau,terbang,phuket,bangkok,jadwal,terbang,beda,cocok,pergi,capai,terbang,jumat,malam,bangkok,mes,kursi,muka,bulan,harga,baht,jalan,muat,bagasi,gratis,jinjing,tambah,dar,checkin,antri,checkin,,,,,,,,,,,,,,,
thai,terbang,domestik,reguler,tawar,harga,kompetitif,layan,adil,staf,darat,gerbang,awak,milik,mampu,bahasa,inggris,pada,bicara,thailand,akrab,aksen,thailish,terampil,komunikatif,lampau,paham,butuh,latih,bahasa,bingung,thailand,nonpribumi,akrab,aksen,thailish,,,,,,,,,,,,,,
bal,pake,favorit,timing,harga,pas,berangkat,sampe,bal,siang,bal,,,,,,,,,,,,,,,,,,,,,,,,,,,,,,,,,,,,,,,
tuju,sesuai,jadwal,tentu,landing,soft,makan,complimentarynya,nasi,goreng,lumayan,ruang,kaki,relatif,nyaman,good,,,,,,,,,,,,,,,,,,,,,,,,,,,,,,,,,,
pilih,boarding,on,time,landing,on,time,berangkat,pagi,pramugari,lumayan,ramah,tumpang,lumayan,penuh,moga,,,,,,,,,,,,,,,,,,,,,,,,,,,,,,,,,,
salah,terbang,berangkat,harga,bagus,layan,dasar,keluh,harga,senang,terbang,,,,,,,,,,,,,,,,,,,,,,,,,,,,,,,,,,,,,,,
terbang,biaya,rendah,milik,harga,kompetitif,tawar,bagasi,pilih,kursi,gratis,boeing,berangkat,kru,penuh,perhati,kejut,,,,,,,,,,,,,,,,,,,,,,,,,,,,,,,,,
tiket,murah,checkin,ramai,antri,web,checkin,loket,web,checkin,makan,ringan,minum,gratis,sedia,kapal,,,,,,,,,,,,,,,,,,,,,,,,,,,,,,,,,,
tumben,ontime,jadwal,berangkat,udah,lumayan,nunggu,sampe,take,off,lumayan,gerahgerah,anmandi,keringat,runway,traffic,cuaca,buruk,awan,guncang,kencang,but,landing,smooth,banget,,,,,,,,,,,,,,,,,,,,,,,,,
boarding,sesuai,jadwal,delay,take,off,landing,jalan,mulus,staff,ramah,tawar,makan,minum,makan,lumayan,jenis,makan,tawar,terbang,nyaman,dahulu,selesai,makan,staff,ambil,sampah,bekas,makan,ramah,fasilitas,dalam,pesawat,lcd,putar,movie,or,lagu,,,,,,,,,,,,
harga,tiket,beda,tiket,biaya,rendah,layan,dapat,lambat,aktivitas,angkat,udara,pilih,film,serial,tv,jalan,nyaman,senang,,,,,,,,,,,,,,,,,,,,,,,,,,,,,,,
kelas,bisnis,nyaman,duduk,empuk,legroom,luas,kaki,pegal,duduk,luas,empuk,duduk,tidur,nyaman,makan,welcome,drink,sedia,tarik,,,,,,,,,,,,,,,,,,,,,,,,,,,,,,
perlu,bisnis,kunci,utama,puas,langgan,selealu,hasil,wujud,jalan,saran,biasa,tolong,perhati,boarding,time,boarding,time,jadwal,terbang,maju,menit,sisi,armada,fasilitas,nyaman,seri,boeing,airbuss,seri,baru,landing,mostly,pilot,smooth,kecuali,ada,cuaca,buruk,but,overall,muas,,,,,,,,
sekian,jalan,tugas,beda,malam,terbang,problem,dengar,audio,tv,sedia,lupa,bawa,headset,sedia,informasi,penumpan,sayang,,,,,,,,,,,,,,,,,,,,,,,,,,,,,,,,
sekian,terbang,wings,awak,kabin,awak,kabin,nyaman,tumpang,sabar,hadap,tumpang,keras,kepala,,,,,,,,,,,,,,,,,,,,,,,,,,,,,,,,,,,,
traveller,me,minimalisir,biaya,operasional,jasa,angkut,udara,saran,delay,terbang,harga,tiket,ekonomis,traveller,biaya,libur,,,,,,,,,,,,,,,,,,,,,,,,,,,,,,,,,
terbang,domestik,pilih,garuda,indonesia,terbang,layan,makan,bagus,tarik,harga,tiket,temasuk,murah,banding,fasilitas,,,,,,,,,,,,,,,,,,,,,,,,,,,,,,,,,,
terbang,bukti,takut,terbang,harga,sih,sambut,ramah,ramah,tipikal,orangorang,indonesia,alhamdulillah,barangbarang,hasil,selamat,orang,tuju,khawatir,review,orangorang,bagasiya,tinggal,transit,landingnya,kasar,notabene,budget,tinggisaya,ngtidak,buruk,mabuk,tubuh,ukur,normal,indonesia,otomatis,ruang,kaki,kelas,ekonomi,fasilitas,web,checkinnya,bantu,delay,,,,
pergi,gorontalo,semarang,baik,alam,kualitas,bintang,makan,nyaman,hibur,jalan,indonesia,timur,pergi,kamboja,thailand,semarang,,,,,,,,,,,,,,,,,,,,,,,,,,,,,,,,,
jalan,audit,sub,pagi,pilih,terbang,pagi,delay,lambat,kantor,layan,ok,skrg,entertainmentnya,makan,minum,roti,putih,dus,wadah,kantong,kertas,,,,,,,,,,,,,,,,,,,,,,,,,,,,
boarding,ontime,terbang,premium,ala,star,konsep,tiru,garuda,bagi,surat,kabar,permen,minum,teh,kopi,jus,garuda,box,isi,roti,aqua,botol,lambang,armada,ac,dingin,hibur,variasi,pilih,film,sedia,headset,bawa,headset,beli,lumayan,,,,,,,,,,,,,
temen,abdi,terbang,jogja,lombok,kena,gempa,layan,antri,bagasi,terbang,molor,,,,,,,,,,,,,,,,,,,,,,,,,,,,,,,,,,,,,,
counter,customer,service,stand,by,loh,udah,,,,,,,,,,,,,,,,,,,,,,,,,,,,,,,,,,,,,,,,,,,
berangkat,makan,lumayan,pramugari,ok,darat,srdikit,kasar,,,,,,,,,,,,,,,,,,,,,,,,,,,,,,,,,,,,,,,,,,
libur,keluarga,balidenapasarmenuju,surabyasebelum,take,off,tumpang,bisnis,jus,handuk,hangatpenerbangannya,menitjadi,ife,berfungsitapi,terbang,menit,kabin,toliet,bersihmakanan,beupa,snackrotipuddingkue,keciilsangat,enakdan,pramugari,ramah,putih,,,,,,,,,,,,,,,,,,,,,,,,
november,regi,makkasar,airpesawat,tumpang,boeing,max,suka,lengkap,head,rest,nyamanselama,terbang,sedia,makananhanya,sedia,airpramugari,ramah,,,,,,,,,,,,,,,,,,,,,,,,,,,,,,,,
terbang,sahabat,layan,harga,kompetitif,layan,kualitas,baik,,,,,,,,,,,,,,,,,,,,,,,,,,,,,,,,,,,,,,,,,,
group,kualitas,beda,layan,telat,delay,terbang,layan,layar,interaktif,wisatawan,tonton,film,dengar,musik,terbang,bawa,earphone,,,,,,,,,,,,,,,,,,,,,,,,,,,,,,,,
harga,murah,full,service,layan,crew,hidang,terbang,ife,otp,dekat,full,service,muas,,,,,,,,,,,,,,,,,,,,,,,,,,,,,,,,,,,,
terbang,delay,menit,layan,crew,kejut,baikbaik,lanjut,baik,,,,,,,,,,,,,,,,,,,,,,,,,,,,,,,,,,,,,,,,,
grup,relatif,on,time,sayang,padat,bandara,soekarno,hatta,pagi,padat,gate,runway,antri,butuh,layan,pramugari,makan,lumayan,,,,,,,,,,,,,,,,,,,,,,,,,,,,,,,
bus,serius,terbang,benah,,,,,,,,,,,,,,,,,,,,,,,,,,,,,,,,,,,,,,,,,,,,,,
woowwww,delay,bagus,bagus,murah,pergi,bantu,hemat,uang,suka,atur,bantu,tumpang,bagasi,kabin,,,,,,,,,,,,,,,,,,,,,,,,,,,,,,,,,,,
wow,utara,si,biru,bersih,kursi,balut,jok,kulit,kes,bersih,layar,sentuh,tv,responsif,pramugari,ramah,harga,murah,kurang,film,anakanak,update,,,,,,,,,,,,,,,,,,,,,,,,,,,
alam,delay,makan,delay,jam,tingkat,atur,sukses,,,,,,,,,,,,,,,,,,,,,,,,,,,,,,,,,,,,,,,,,,
terbang,harga,murah,kemarin,jalan,denpasar,kendala,delay,gk,heran,kemarin,delay,jaman,bal,malam,,,,,,,,,,,,,,,,,,,,,,,,,,,,,,,,,,,
yah,kejut,milik,terbang,sesuai,jadwal,terbang,gelombang,pikir,normal,bulu,berangkat,darat,,,,,,,,,,,,,,,,,,,,,,,,,,,,,,,,,,,,,
nama,harga,barang,hehehe,so,far,ngerasa,spent,worth,it,kalo,beli,barang,bagus,harga,mahal,murah,kualitas,segitu,heheheh,so,far,brand,udah,declare,kalo,tawar,terbang,ekonomis,ingkarin,janji,delay,mah,biaasa,nama,banget,rute,pesawat,antri,gamau,delay,layan,silah,gada,heheheh,simple,,,,
suka,tarif,murah,seringkali,lcc,snack,hibur,ife,duduk,on,time,terbang,berangkat,cepat,jadwal,kekurangannnya,bandara,counter,checkin,gabung,grup,antri,webcheck,in,wajib,lapor,meja,checkin,cetak,boarding,pass,praktis,sita,,,,,,,,,,,,,,,,,
suka,harga,tiket,bagasi,pusing,tambah,biaya,suka,ruang,kaki,luas,banding,budget,pulang,pergi,tepat,terbang,,,,,,,,,,,,,,,,,,,,,,,,,,,,,,,,,
